Binomial.1.2,Order.1.2,Family.1.2,log10BMR,log10BM,BMR.source
Amblysomus_hottentotus,Afrosoricida,Chrysochloridae,1.610989085971108,1.845098040014257,Capellini.2010
Chrysochloris_asiatica,Afrosoricida,Chrysochloridae,1.3947442138727502,1.6434526764861874,Capellini.2010
Echinops_telfairi,Afrosoricida,Tenrecidae,1.8098862526524102,2.06595298031387,Capellini.2010
Geogale_aurita,Afrosoricida,Tenrecidae,0.5711727890478381,0.8388490907372553,Capellini.2010
Hemicentetes_semispinosus,Afrosoricida,Tenrecidae,1.4899637051592185,2.123851640967086,Capellini.2010
Limnogale_mergulus,Afrosoricida,Tenrecidae,1.4305174835268244,1.8904210188009143,Capellini.2010
Microgale_cowani,Afrosoricida,Tenrecidae,1.1877667976348947,1.0863598306747482,Capellini.2010
Microgale_dobsoni,Afrosoricida,Tenrecidae,1.4343847796237432,1.649334858712142,Capellini.2010
Microgale_talazaci,Afrosoricida,Tenrecidae,1.3221935467241384,1.6434526764861874,Capellini.2010
Setifer_setosus,Afrosoricida,Tenrecidae,1.769109381258783,2.724275869600789,Capellini.2010
Tenrec_ecaudatus,Afrosoricida,Tenrecidae,1.7992150897037453,2.8129133566428557,Capellini.2010
Alces_alces,Cetartiodactyla,Cervidae,4.394229301842517,5.511883360978874,Capellini.2010
Antilocapra_americana,Cetartiodactyla,Antilocapridae,3.6524283817526033,4.577491799837225,Capellini.2010
Capreolus_capreolus,Cetartiodactyla,Cervidae,3.602602163503463,4.332438459915605,Capellini.2010
Connochaetes_taurinus,Cetartiodactyla,Bovidae,4.298445393549229,5.293362554711446,Capellini.2010
Odocoileus_virginianus,Cetartiodactyla,Cervidae,4.091498295773762,4.7678086728873765,Capellini.2010
Ovis_canadensis,Cetartiodactyla,Bovidae,3.964593563580482,4.839635144312755,Capellini.2010
Pecari_tajacu,Cetartiodactyla,Tayassuidae,3.4572575345951115,4.311753861055754,Capellini.2010
Acinonyx_jubatus,Carnivora,Felidae,3.636478726367097,4.578639209968072,Capellini.2010
Ailurus_fulgens,Carnivora,Ailuridae,2.6267089988559738,3.7589118923979736,Capellini.2010
Vulpes_lagopus,Carnivora,Canidae,2.821092408363933,3.5563025007672873,Capellini.2010
Arctictis_binturong,Carnivora,Viverridae,3.0419538657364815,4.154728207440155,Capellini.2010
Arctogalidia_trivirgata,Carnivora,Viverridae,2.4256344268911527,3.303196057420489,Capellini.2010
Bassariscus_sumichrasti,Carnivora,Procyonidae,2.4849208442218385,3.1072099696478683,Capellini.2010
Canis_latrans,Carnivora,Canidae,3.112303836464592,4,Capellini.2010
Canis_lupus,Carnivora,Canidae,3.590517036414987,4.518513939877887,Capellini.2010
Canis_mesomelas,Carnivora,Canidae,3.2696929803121564,3.887617300335736,Capellini.2010
Cerdocyon_thous,Carnivora,Canidae,2.8661818235139176,3.735918116531297,Capellini.2010
Eira_barbara,Carnivora,Mustelidae,2.7699280327394633,3.469822015978163,Capellini.2010
Puma_concolor,Carnivora,Felidae,3.6296414507935073,4.570542939881897,Capellini.2010
Leopardus_pardalis,Carnivora,Felidae,3.1781363262567526,4.021189299069938,Capellini.2010
Lynx_rufus,Carnivora,Felidae,3.3084181266020747,3.9731278535996988,Capellini.2010
Leptailurus_serval,Carnivora,Felidae,3.1796478819784544,4.004321373782642,Capellini.2010
Leopardus_wiedii,Carnivora,Felidae,2.6549379555653263,3.5563025007672873,Capellini.2010
Herpailurus_yagouaroundi,Carnivora,Felidae,2.9229054940875,3.9242792860618816,Capellini.2010
Vulpes_zerda,Carnivora,Canidae,2.4489231909503193,3.084576277934331,Capellini.2010
Fossa_fossana,Carnivora,Eupleridae,2.640358487407984,3.3541084391474008,Capellini.2010
Herpestes_sanguineus,Carnivora,Herpestidae,2.2963130277441612,2.7323937598229686,Capellini.2010
Genetta_tigrina,Carnivora,Viverridae,2.5564262774558,3.229937685907934,Capellini.2010
Gulo_gulo,Carnivora,Mustelidae,3.4385231384513375,4.103803720955957,Capellini.2010
Herpestes_javanicus,Carnivora,Herpestidae,2.288690821424824,2.786041210242554,Capellini.2010
Hyaena_hyaena,Carnivora,Hyaenidae,3.4411086849402004,4.535294120042771,Capellini.2010
Lutra_lutra,Carnivora,Mustelidae,3.3363181894157448,4,Capellini.2010
Martes_americana,Carnivora,Mustelidae,2.4575496445653657,2.9542425094393248,Capellini.2010
Martes_martes,Carnivora,Mustelidae,2.5386248313082014,2.963787827345555,Capellini.2010
Meles_meles,Carnivora,Mustelidae,3.1579044944410324,4.04336227802113,Capellini.2010
Mustela_erminea,Carnivora,Mustelidae,1.9005896198543073,1.8750612633917,Capellini.2010
Mustela_frenata,Carnivora,Mustelidae,2.0643651961892497,2.3521825181113627,Capellini.2010
Neovison_vison,Carnivora,Mustelidae,2.3718813309132463,2.8195439355418688,Capellini.2010
Nandinia_binotata,Carnivora,Nandiniidae,2.6188849201120488,3.630427875025024,Capellini.2010
Nasua_narica,Carnivora,Procyonidae,2.7649676378424646,3.5646660642520893,Capellini.2010
Nasua_nasua,Carnivora,Procyonidae,2.6800549241357823,3.6020599913279625,Capellini.2010
Panthera_leo,Carnivora,Felidae,3.9123778544616914,4.991226075692495,Capellini.2010
Panthera_onca,Carnivora,Felidae,3.7318969494888106,4.702430536445525,Capellini.2010
Panthera_tigris,Carnivora,Felidae,4.063219190098851,5.139564266175849,Capellini.2010
Paradoxurus_hermaphroditus,Carnivora,Viverridae,2.563907838968656,3.499687082618404,Capellini.2010
Phoca_vitulina,Carnivora,Phocidae,4.137447376995449,4.931798459940047,Capellini.2010
Potos_flavus,Carnivora,Procyonidae,2.583991462717117,3.3698334525266325,Capellini.2010
Procyon_cancrivorus,Carnivora,Procyonidae,2.3496236561952815,3.0644579892269186,Capellini.2010
Procyon_lotor,Carnivora,Procyonidae,2.886852276015252,3.7054360465852505,Capellini.2010
Proteles_cristata,Carnivora,Hyaenidae,3.0243422988790933,3.90848501887865,Capellini.2010
Spilogale_putorius,Carnivora,Mephitidae,2.1595315026984125,2.795184589682424,Capellini.2010
Suricata_suricatta,Carnivora,Herpestidae,2.1748174658111687,2.929418925714293,Capellini.2010
Taxidea_taxus,Carnivora,Mustelidae,3.1144694397993886,3.9542425094393248,Capellini.2010
Melursus_ursinus,Carnivora,Ursidae,2.6094481222660564,3.8258154449852038,Capellini.2010
Vulpes_rueppellii,Carnivora,Canidae,2.5855980967990044,3.189209489582306,Capellini.2010
Vulpes_vulpes,Carnivora,Canidae,3.070851335249265,3.6473829701146196,Capellini.2010
Zalophus_californianus,Carnivora,Otariidae,4.186460484133931,4.863322860120456,Capellini.2010
Antrozous_pallidus,Chiroptera,Vespertilionidae,1.0235497904805193,1.3424226808222062,Capellini.2010
Chalinolobus_gouldii,Chiroptera,Vespertilionidae,1.0845062164219452,1.2430380486862944,Capellini.2010
Cynopterus_brachyotis,Chiroptera,Pteropodidae,1.3597992852652676,1.57287160220048,Capellini.2010
Desmodus_rotundus,Chiroptera,Phyllostomidae,1.2233350133586838,1.4683473304121573,Capellini.2010
Diaemus_youngi,Chiroptera,Phyllostomidae,1.2551869327967295,1.5634810853944108,Capellini.2010
Diphylla_ecaudata,Chiroptera,Phyllostomidae,1.2701652718125724,1.4440447959180762,Capellini.2010
Dobsonia_minor,Chiroptera,Pteropodidae,1.5546786111862798,1.8674674878590516,Capellini.2010
Dobsonia_moluccensis,Chiroptera,Pteropodidae,2.2488354634715284,2.6067037413336744,Capellini.2010
Dobsonia_praedatrix,Chiroptera,Pteropodidae,1.83692053998493,2.254064452914338,Capellini.2010
Eonycteris_spelaea,Chiroptera,Pteropodidae,1.3643469130159882,1.7126497016272113,Capellini.2010
Eptesicus_fuscus,Chiroptera,Vespertilionidae,1.0011690106031625,1.0170333392987803,Capellini.2010
Erophylla_sezekorni,Chiroptera,Phyllostomidae,0.9313242368304758,1.2068258760318498,Capellini.2010
Eumops_perotis,Chiroptera,Molossidae,1.2825520513656767,1.7481880270062005,Capellini.2010
Glossophaga_soricina,Chiroptera,Phyllostomidae,1.1510983351615494,0.9822712330395684,Capellini.2010
Hipposideros_galeritus,Chiroptera,Hipposideridae,0.6539172865129188,0.9294189257142927,Capellini.2010
Histiotus_velatus,Chiroptera,Vespertilionidae,0.8784517339888208,1.0492180226701815,Capellini.2010
Artibeus_concolor,Chiroptera,Phyllostomidae,1.2829232712486176,1.294466226161593,Capellini.2010
Leptonycteris_curasoae,Chiroptera,Phyllostomidae,1.3265583521265885,1.3424226808222062,Capellini.2010
Macroderma_gigas,Chiroptera,Megadermatidae,1.8264952446350573,2.1702617153949575,Capellini.2010
Macroglossus_minimus,Chiroptera,Pteropodidae,0.9502774040434148,1.2000292665537702,Capellini.2010
Macrotus_californicus,Chiroptera,Phyllostomidae,0.8482015503946193,1.0681858617461617,Capellini.2010
Megaloglossus_woermanni,Chiroptera,Pteropodidae,0.9502774040434148,1.0934216851622351,Capellini.2010
Melonycteris_melanops,Chiroptera,Pteropodidae,1.3195935719937664,1.7267272090265722,Capellini.2010
Miniopterus_australis,Chiroptera,Miniopteridae,1.657783133147321,2.030194785356751,Capellini.2010
Miniopterus_schreibersii,Chiroptera,Miniopteridae,1.0975073832852549,1.0378247505883418,Capellini.2010
Molossus_molossus,Chiroptera,Molossidae,1.0345927660901122,1.1931245983544616,Capellini.2010
Monophyllus_redmani,Chiroptera,Phyllostomidae,0.7298348979068878,0.9395192526186185,Capellini.2010
Mormoops_blainvillei,Chiroptera,Mormoopidae,0.586087075437904,0.9344984512435677,Capellini.2010
Mormoops_megalophylla,Chiroptera,Mormoopidae,1.0708513352492648,1.2174839442139063,Capellini.2010
Myotis_lucifugus,Chiroptera,Vespertilionidae,0.6333731436539896,0.7160033436347992,Capellini.2010
Myotis_nigricans,Chiroptera,Vespertilionidae,0.6324956822853138,0.568201724066995,Capellini.2010
Natalus_tumidirostris,Chiroptera,Natalidae,0.6030201562998327,0.7323937598229685,Capellini.2010
Noctilio_albiventris,Chiroptera,Noctilionidae,1.18265530154555,1.4313637641589874,Capellini.2010
Noctilio_leporinus,Chiroptera,Noctilionidae,1.5328934998780868,1.7853298350107671,Capellini.2010
Nyctimene_albiventer,Chiroptera,Pteropodidae,1.119268322681157,1.4899584794248346,Capellini.2010
Nyctimene_cyclotis,Chiroptera,Pteropodidae,1.493338193635485,1.606381365110605,Capellini.2010
Nyctimene_major,Chiroptera,Pteropodidae,0.9927358430662998,1.1335389083702174,Capellini.2010
Nyctophilus_geoffroyi,Chiroptera,Vespertilionidae,0.7323236983105826,0.9030899869919435,Capellini.2010
Paranyctimene_raptor,Chiroptera,Pteropodidae,1.0722717600049336,1.3729120029701065,Capellini.2010
Peropteryx_macrotis,Chiroptera,Emballonuridae,0.7456876598685643,0.6989700043360189,Capellini.2010
Phyllostomus_discolor,Chiroptera,Phyllostomidae,1.363486520142308,1.5250448070368452,Capellini.2010
Phyllostomus_elongatus,Chiroptera,Phyllostomidae,1.3634411890549643,1.551449997972875,Capellini.2010
Phyllostomus_hastatus,Chiroptera,Phyllostomidae,1.6839647285325812,1.9253120914996495,Capellini.2010
Platyrrhinus_lineatus,Chiroptera,Phyllostomidae,1.3353036515362737,1.3404441148401183,Capellini.2010
Plecotus_auritus,Chiroptera,Vespertilionidae,0.7323236983105826,1.0107238653917732,Capellini.2010
Pteronotus_davyi,Chiroptera,Mormoopidae,0.8684211336440575,0.9731278535996987,Capellini.2010
Pteronotus_parnellii,Chiroptera,Mormoopidae,1.1705268869998755,1.2833012287035497,Capellini.2010
Pteronotus_personatus,Chiroptera,Mormoopidae,1.044077559366337,1.146128035678238,Capellini.2010
Pteronotus_quadridens,Chiroptera,Mormoopidae,0.47021176867697123,0.6901960800285137,Capellini.2010
Pteropus_giganteus,Chiroptera,Pteropodidae,2.146550707410829,2.749890841271422,Capellini.2010
Pteropus_hypomelanus,Chiroptera,Pteropodidae,2.1456534044430655,2.7166709755601355,Capellini.2010
Pteropus_poliocephalus,Chiroptera,Pteropodidae,2.184027914830702,2.776701183988411,Capellini.2010
Pteropus_pumilus,Chiroptera,Pteropodidae,1.7848527495867674,2.288249225571986,Capellini.2010
Pteropus_rodricensis,Chiroptera,Pteropodidae,1.8131176253123056,2.4056877866727775,Capellini.2010
Pteropus_scapulatus,Chiroptera,Pteropodidae,2.0678890488743935,2.558708570533166,Capellini.2010
Pteropus_vampyrus,Chiroptera,Pteropodidae,2.588415737756487,3.010427172717049,Capellini.2010
Rhinonicteris_aurantia,Chiroptera,Hipposideridae,0.8928618978992594,0.9175055095525466,Capellini.2010
Rhinophylla_fischerae,Chiroptera,Phyllostomidae,1.3353520166437243,0.9777236052888477,Capellini.2010
Rhinophylla_pumilio,Chiroptera,Phyllostomidae,0.9530853522857249,0.9777236052888477,Capellini.2010
Rousettus_aegyptiacus,Chiroptera,Pteropodidae,1.7715961458227973,2.164352855784437,Capellini.2010
Rousettus_amplexicaudatus,Chiroptera,Pteropodidae,1.701389984066932,1.9614210940664483,Capellini.2010
Sturnira_lilium,Chiroptera,Phyllostomidae,1.4091560640788316,1.3404441148401183,Capellini.2010
Sturnira_tildae,Chiroptera,Phyllostomidae,0.9526186198583173,1.3117538610557542,Capellini.2010
Syconycteris_australis,Chiroptera,Pteropodidae,1.022557116946842,1.2013971243204515,Capellini.2010
Tadarida_brasiliensis,Chiroptera,Molossidae,0.9901736263016994,1.2278867046136734,Capellini.2010
Tonatia_bidens,Chiroptera,Phyllostomidae,1.4240522958812778,1.437750562820388,Capellini.2010
Uroderma_bilobatum,Chiroptera,Phyllostomidae,1.18265530154555,1.209515014542631,Capellini.2010
Vampyressa_pusilla,Chiroptera,Phyllostomidae,1.182792758258805,0.9444826721501687,Capellini.2010
Anoura_caudifer,Chiroptera,Phyllostomidae,1.313228318499713,1.0606978403536116,Capellini.2010
Artibeus_fimbriatus,Chiroptera,Phyllostomidae,1.3135335506654249,1.8055008581584002,Capellini.2010
Artibeus_jamaicensis,Chiroptera,Phyllostomidae,1.5686930318300571,1.6551384348113822,Capellini.2010
Artibeus_lituratus,Chiroptera,Phyllostomidae,1.7163444144435227,1.8457180179666586,Capellini.2010
Carollia_perspicillata,Chiroptera,Phyllostomidae,1.317189786809223,1.173186268412274,Capellini.2010
Chiroderma_doriae,Chiroptera,Phyllostomidae,1.3175829458011326,1.2988530764097066,Capellini.2010
Chrotopterus_auritus,Chiroptera,Phyllostomidae,1.8331463980571223,1.9827233876685453,Capellini.2010
Saccopteryx_bilineata,Chiroptera,Emballonuridae,0.844773088078137,0.8920946026904804,Capellini.2010
Dendrohyrax_dorsalis,Hyracoidea,Procaviidae,2.55874561264457,3.3443922736851106,Capellini.2010
Heterohyrax_brucei,Hyracoidea,Procaviidae,2.5404381720716698,3.3010299956639813,Capellini.2010
Procavia_capensis,Hyracoidea,Procaviidae,2.50264961118227,3.380211241711606,Capellini.2010
Lepus_alleni,Lagomorpha,Leporidae,2.9005896198543075,3.4771212547196626,Capellini.2010
Lepus_americanus,Lagomorpha,Leporidae,2.8643774471998626,3.198931869932209,Capellini.2010
Lepus_arcticus,Lagomorpha,Leporidae,2.7173329364109513,3.4777577533081705,Capellini.2010
Lepus_californicus,Lagomorpha,Leporidae,2.8007083673304853,3.361727836017593,Capellini.2010
Lepus_timidus,Lagomorpha,Leporidae,3.0090316314118675,3.4807253789884878,Capellini.2010
Lepus_townsendii,Lagomorpha,Leporidae,2.7848527495867677,3.385606273598312,Capellini.2010
Ochotona_dauurica,Lagomorpha,Ochotonidae,2.0793050227361376,2.1061908972634154,Capellini.2010
Ochotona_princeps,Lagomorpha,Ochotonidae,1.9058221467879843,2.037426497940624,Capellini.2010
Oryctolagus_cuniculus,Lagomorpha,Leporidae,2.7400105269768735,3.3010299956639813,Capellini.2010
Sylvilagus_audubonii,Lagomorpha,Leporidae,2.324579786144501,2.8276277047674334,Capellini.2010
Atelerix_albiventris,Eulipotyphla,Erinaceidae,1.854832129293632,2.6532125137753435,Capellini.2010
Blarina_brevicauda,Eulipotyphla,Soricidae,1.5000095150160613,1.3117538610557542,Capellini.2010
Blarina_carolinensis,Eulipotyphla,Soricidae,1.2107355765117398,1.0086001717619175,Capellini.2010
Condylura_cristata,Eulipotyphla,Talpidae,1.7254842737802771,1.6901960800285136,Capellini.2010
Crocidura_crossei,Eulipotyphla,Soricidae,1.033353693974564,1.0086001717619175,Capellini.2010
Crocidura_flavescens,Eulipotyphla,Soricidae,1.3314656866213326,1.5211380837040362,Capellini.2010
Crocidura_hildegardeae,Eulipotyphla,Soricidae,1.098079023611219,1,Capellini.2010
Crocidura_leucodon,Eulipotyphla,Soricidae,1.1573219397166563,1.0681858617461617,Capellini.2010
Crocidura_luna,Eulipotyphla,Soricidae,1.0775573564666172,1.0718820073061255,Capellini.2010
Crocidura_olivieri,Eulipotyphla,Soricidae,1.4495185227528007,1.5899496013257077,Capellini.2010
Crocidura_poensis,Eulipotyphla,Soricidae,1.1758660646672385,1.2380461031287955,Capellini.2010
Crocidura_russula,Eulipotyphla,Soricidae,1.042941157980289,1.0170333392987803,Capellini.2010
Crocidura_suaveolens,Eulipotyphla,Soricidae,0.9595674798136451,0.8129133566428556,Capellini.2010
Crocidura_viaria,Eulipotyphla,Soricidae,1.0274979493255119,1.167317334748176,Capellini.2010
Cryptotis_parva,Eulipotyphla,Soricidae,0.9664069043439507,0.7923916894982539,Capellini.2010
Echinosorex_gymnura,Eulipotyphla,Erinaceidae,2.3862594337050225,2.8580557180503643,Capellini.2010
Erinaceus_concolor,Eulipotyphla,Erinaceidae,2.2236596239082695,2.9152414973061944,Capellini.2010
Erinaceus_europaeus,Eulipotyphla,Erinaceidae,2.211379452807445,2.8750612633917,Capellini.2010
Hemiechinus_auritus,Eulipotyphla,Erinaceidae,1.8649492635851737,2.6020599913279625,Capellini.2010
Hylomys_suillus,Eulipotyphla,Erinaceidae,1.4620668533597105,1.761927838420529,Capellini.2010
Neomys_anomalus,Eulipotyphla,Soricidae,1.5078821381159466,1.1172712956557642,Capellini.2010
Neomys_fodiens,Eulipotyphla,Soricidae,1.421093001973832,1.2329961103921538,Capellini.2010
Neurotrichus_gibbsii,Eulipotyphla,Talpidae,1.3504839047721005,1.0718820073061255,Capellini.2010
Notiosorex_crawfordi,Eulipotyphla,Soricidae,0.803679606846251,0.6020599913279624,Capellini.2010
Paraechinus_aethiopicus,Eulipotyphla,Erinaceidae,1.7342581980877825,2.6532125137753435,Capellini.2010
Scalopus_aquaticus,Eulipotyphla,Talpidae,1.513566025671368,1.6812412373755872,Capellini.2010
Scapanus_latimanus,Eulipotyphla,Talpidae,1.5650606469800015,1.7853298350107671,Capellini.2010
Scapanus_orarius,Eulipotyphla,Talpidae,1.4899637051592185,1.7867514221455612,Capellini.2010
Scapanus_townsendii,Eulipotyphla,Talpidae,1.720133555396176,2.1142772965615864,Capellini.2010
Sorex_alpinus,Eulipotyphla,Soricidae,1.3661527138792506,0.8976270912904415,Capellini.2010
Sorex_araneus,Eulipotyphla,Soricidae,1.3334131987723377,0.8750612633917001,Capellini.2010
Sorex_cinereus,Eulipotyphla,Soricidae,1.1814162294300015,0.5440680443502757,Capellini.2010
Sorex_coronatus,Eulipotyphla,Soricidae,1.398273033488859,0.9590413923210935,Capellini.2010
Sorex_minutus,Eulipotyphla,Soricidae,1.1716563921408454,0.6020599913279624,Capellini.2010
Sorex_ornatus,Eulipotyphla,Soricidae,1.4016073645076754,0.9867717342662449,Capellini.2010
Sorex_vagrans,Eulipotyphla,Soricidae,1.1318119955454808,0.7160033436347992,Capellini.2010
Suncus_etruscus,Eulipotyphla,Soricidae,0.8414681677356508,0.38021124171160603,Capellini.2010
Suncus_murinus,Eulipotyphla,Soricidae,1.4576226413689506,1.4800069429571505,Capellini.2010
Elephantulus_brachyrhynchus,Macroscelidea,Macroscelididae,1.3236864821300536,1.6560982020128319,Capellini.2010
Elephantulus_edwardii,Macroscelidea,Macroscelididae,1.4195021779170436,1.6989700043360187,Capellini.2010
Elephantulus_intufi,Macroscelidea,Macroscelididae,1.3991090192752003,1.667359546183087,Capellini.2010
Elephantulus_myurus,Macroscelidea,Macroscelididae,1.5046847035524098,1.799133693302063,Capellini.2010
Elephantulus_rozeti,Macroscelidea,Macroscelididae,1.3625335722525198,1.6561940621791857,Capellini.2010
Elephantulus_rufescens,Macroscelidea,Macroscelididae,1.4379889038925686,1.724275869600789,Capellini.2010
Macroscelides_proboscideus,Macroscelidea,Macroscelididae,1.4012750810317078,1.591064607026499,Capellini.2010
Petrodromus_tetradactylus,Macroscelidea,Macroscelididae,1.9372185152164685,2.3140990632952843,Capellini.2010
Manis_crassicaudata,Pholidota,Manidae,2.7768704579774632,4.201670179646581,Capellini.2010
Manis_javanica,Pholidota,Manidae,2.7267194179218204,3.625312450961674,Capellini.2010
Manis_pentadactyla,Pholidota,Manidae,2.5077813544995884,3.5608030019939636,Capellini.2010
Phataginus_tetradactyla,Pholidota,Manidae,2.0431118078695,3.155336037465062,Capellini.2010
Phataginus_tricuspis,Pholidota,Manidae,2.124014757705619,3.1351326513767748,Capellini.2010
Alouatta_palliata,Primates,Atelidae,2.9959175018524893,3.6693168805661123,Capellini.2010
Aotus_trivirgatus,Primates,Aotidae,2.328527944989493,2.9138138523837167,Capellini.2010
Callithrix_jacchus,Primates,Callitrichidae,1.8649492635851737,2.278753600952829,Capellini.2010
Cebuella_pygmaea,Primates,Callitrichidae,1.751291537386563,2.0674428427763805,Capellini.2010
Erythrocebus_patas,Primates,Cercopithecidae,2.7116769283329387,3.4771212547196626,Capellini.2010
Eulemur_fulvus,Primates,Lemuridae,2.55584450311307,3.367355921026019,Capellini.2010
Galago_moholi,Primates,Galagidae,1.3923756366162319,2.230448921378274,Capellini.2010
Galago_senegalensis,Primates,Galagidae,1.8204597870111339,2.2342641243787895,Capellini.2010
Leontopithecus_rosalia,Primates,Callitrichidae,2.2646002179313007,2.865518519074774,Capellini.2010
Macaca_fuscata,Primates,Cercopithecidae,3.3036164993547197,3.9800033715837464,Capellini.2010
Nycticebus_coucang,Primates,Lorisidae,2.118631527139056,3.0644579892269186,Capellini.2010
Otolemur_crassicaudatus,Primates,Galagidae,2.2980028916735358,2.9777236052888476,Capellini.2010
Otolemur_garnettii,Primates,Galagidae,2.5306783347825133,3.118595365223762,Capellini.2010
Papio_anubis,Primates,Cercopithecidae,3.126820720015773,3.9777236052888476,Capellini.2010
Perodicticus_potto,Primates,Lorisidae,2.21073557651174,2.9532763366673045,Capellini.2010
Saguinus_geoffroyi,Primates,Callitrichidae,2.052321533050544,2.3521825181113627,Capellini.2010
Saimiri_sciureus,Primates,Cebidae,2.586536450059067,2.942008053022313,Capellini.2010
Tarsius_tarsier,Primates,Tarsiidae,1.856291944052675,2.2380461031287955,Capellini.2010
Tarsius_syrichta,Primates,Tarsiidae,1.5679010395893822,2.0530784434834195,Capellini.2010
Abrothrix_lanosus,Rodentia,Cricetidae,1.342070518304836,1.380211241711606,Capellini.2010
Abrothrix_longipilis,Rodentia,Cricetidae,1.442984951385661,1.6263403673750423,Capellini.2010
Acomys_cahirinus,Rodentia,Muridae,1.3477476511965265,1.6232492903979006,Capellini.2010
Acomys_russatus,Rodentia,Muridae,1.3155629678251253,1.7446840632768863,Capellini.2010
Acomys_spinosissimus,Rodentia,Muridae,1.3275442651082396,1.4316853446860118,Capellini.2010
Acomys_subspinosus,Rodentia,Muridae,1.6042717262781399,1.5085297189712865,Capellini.2010
Aconaemys_fuscus,Rodentia,Octodontidae,1.7657474537975324,2.0492180226701815,Capellini.2010
Aethomys_namaquensis,Rodentia,Muridae,1.4370944991973582,1.8075350280688534,Capellini.2010
Cuniculus_paca,Rodentia,Cuniculidae,3.121932714362569,3.9617057840025054,Capellini.2010
Akodon_albiventer,Rodentia,Cricetidae,1.350558628530355,1.4913616938342726,Capellini.2010
Akodon_azarae,Rodentia,Cricetidae,1.293765838730281,1.380211241711606,Capellini.2010
Alticola_argentatus,Rodentia,Cricetidae,1.7658910459568513,1.5763413502057928,Capellini.2010
Ammospermophilus_leucurus,Rodentia,Sciuridae,1.655678756566956,1.9809119377768436,Capellini.2010
Aplodontia_rufa,Rodentia,Aplodontiidae,2.1258989015801704,2.7993405494535817,Capellini.2010
Apodemus_flavicollis,Rodentia,Muridae,1.3191821514577233,1.3783979009481377,Capellini.2010
Apodemus_witherbyi,Rodentia,Muridae,1.382249363034885,1.3117538610557542,Capellini.2010
Apodemus_mystacinus,Rodentia,Muridae,1.4315650519099763,1.606381365110605,Capellini.2010
Apodemus_sylvaticus,Rodentia,Muridae,1.3195935719937664,1.3783979009481377,Capellini.2010
Arborimus_longicaudus,Rodentia,Cricetidae,1.4529259334039932,1.3384564936046048,Capellini.2010
Arvicola_amphibius,Rodentia,Cricetidae,1.7111886826582394,1.9636461864848433,Capellini.2010
Loxodontomys_micropus,Rodentia,Cricetidae,1.6703696297626365,1.7944880466591695,Capellini.2010
Baiomys_taylori,Rodentia,Cricetidae,0.915847738361138,0.8543060418010806,Capellini.2010
Bathyergus_janetta,Rodentia,Bathyergidae,2.0159075788183842,2.6085260335771943,Capellini.2010
Bathyergus_suillus,Rodentia,Bathyergidae,2.1656934451671686,2.792391689498254,Capellini.2010
Calomys_musculinus,Rodentia,Calomyscidae,1.1240147577056188,1.2278867046136734,Capellini.2010
Calomys_callosus,Rodentia,Calomyscidae,1.5564262774557998,1.6998377258672457,Capellini.2010
Cannomys_badius,Rodentia,Spalacidae,1.9186341225479497,2.53655844257153,Capellini.2010
Capromys_pilorides,Rodentia,Echimyidae,2.464789260147752,3.419955748489758,Capellini.2010
Cavia_tschudii,Rodentia,Caviidae,2.222181774433178,2.798650645445269,Capellini.2010
Chaetodipus_baileyi,Rodentia,Heteromyidae,1.2214280088718412,1.4638929889859074,Capellini.2010
Chaetodipus_californicus,Rodentia,Heteromyidae,1.0123000907288522,1.3424226808222062,Capellini.2010
Chaetodipus_fallax,Rodentia,Heteromyidae,1.1120823141532838,1.2922560713564761,Capellini.2010
Chaetodipus_hispidus,Rodentia,Heteromyidae,1.3766127842749176,1.5965970956264601,Capellini.2010
Chaetodipus_intermedius,Rodentia,Heteromyidae,0.9351086961788597,1.1746411926604485,Capellini.2010
Chaetodipus_penicillatus,Rodentia,Heteromyidae,1.033353693974564,1.2041199826559248,Capellini.2010
Chelemys_macronyx,Rodentia,Cricetidae,1.6090362735088724,1.792391689498254,Capellini.2010
Chinchilla_lanigera,Rodentia,Chinchillidae,1.9845697487837006,2.629409599102719,Capellini.2010
Abrothrix_andinus,Rodentia,Cricetidae,1.4940099563091014,1.5390760987927767,Capellini.2010
Abrothrix_olivaceus,Rodentia,Cricetidae,1.3769205295298177,1.4313637641589874,Capellini.2010
Myodes_californicus,Rodentia,Cricetidae,1.4692890212080345,1.2624510897304295,Capellini.2010
Myodes_gapperi,Rodentia,Cricetidae,1.3763048207941182,1.3473300153169503,Capellini.2010
Myodes_glareolus,Rodentia,Cricetidae,1.4851949335221337,1.3692158574101427,Capellini.2010
Myodes_rufocanus,Rodentia,Cricetidae,1.4568921206215946,1.4313637641589874,Capellini.2010
Myodes_rutilus,Rodentia,Cricetidae,1.5695964008128829,1.4471580313422192,Capellini.2010
Coendou_prehensilis,Rodentia,Erethizontidae,2.6461375506942995,3.515873843711679,Capellini.2010
Conilurus_penicillatus,Rodentia,Muridae,1.8944932285772598,2.3287872003545345,Capellini.2010
Cricetomys_gambianus,Rodentia,Nesomyidae,2.7402771171876674,3.271841606536499,Capellini.2010
Cricetulus_migratorius,Rodentia,Cricetidae,1.3256691127447888,1.4871383754771865,Capellini.2010
Cricetus_cricetus,Rodentia,Cricetidae,2.047994220157454,2.558708570533166,Capellini.2010
Fukomys_bocagei,Rodentia,Bathyergidae,1.5254652489710758,1.9731278535996986,Capellini.2010
Fukomys_damarensis,Rodentia,Bathyergidae,1.578859617714129,2.1398790864012365,Capellini.2010
Cryptomys_hottentotus,Rodentia,Bathyergidae,1.5124094484714259,1.8750612633917,Capellini.2010
Fukomys_mechowi,Rodentia,Bathyergidae,1.8877681873886198,2.4265112613645754,Capellini.2010
Ctenomys_australis,Rodentia,Ctenomyidae,1.7498787127254267,2.531478917042255,Capellini.2010
Ctenomys_fulvus,Rodentia,Ctenomyidae,1.9595674798136453,2.4771212547196626,Capellini.2010
Ctenomys_maulinus,Rodentia,Ctenomyidae,1.955179463140411,2.3324384599156054,Capellini.2010
Ctenomys_opimus,Rodentia,Ctenomyidae,1.7233123032151123,2.330413773349191,Capellini.2010
Ctenomys_peruanus,Rodentia,Ctenomyidae,2.0265142694442586,2.690196080028514,Capellini.2010
Ctenomys_talarum,Rodentia,Ctenomyidae,1.723019243633664,2.0827853703164503,Capellini.2010
Cynomys_ludovicianus,Rodentia,Sciuridae,2.309107099488293,3.0462219372216364,Capellini.2010
Dasyprocta_azarae,Rodentia,Dasyproctidae,2.958647364041711,3.585347911094591,Capellini.2010
Dasyprocta_leporina,Rodentia,Dasyproctidae,2.87581248225326,3.4292676664331685,Capellini.2010
Desmodillus_auricularis,Rodentia,Muridae,1.6263528007782628,1.8569100603007862,Capellini.2010
Dicrostonyx_groenlandicus,Rodentia,Cricetidae,1.678082349290092,1.775391971696612,Capellini.2010
Dipodomys_agilis,Rodentia,Heteromyidae,1.4867675988766254,1.7824726241662863,Capellini.2010
Dipodomys_deserti,Rodentia,Heteromyidae,1.6479307935237897,2.0253058652647704,Capellini.2010
Dipodomys_heermanni,Rodentia,Heteromyidae,1.5476167566987928,1.801403710017355,Capellini.2010
Dipodomys_merriami,Rodentia,Heteromyidae,1.3110856654703813,1.5622928644564746,Capellini.2010
Dipodomys_microps,Rodentia,Heteromyidae,1.508531793408224,1.7573960287930241,Capellini.2010
Dipodomys_nitratoides,Rodentia,Heteromyidae,1.3468066010300492,1.5774917998372253,Capellini.2010
Dipodomys_ordii,Rodentia,Heteromyidae,1.4907083455568957,1.670245853074124,Capellini.2010
Dipodomys_panamintinus,Rodentia,Heteromyidae,1.553971723947168,1.8075350280688534,Capellini.2010
Dipus_sagitta,Rodentia,Dipodidae,1.7664434329438896,2.2041199826559246,Capellini.2010
Dolichotis_salinicola,Rodentia,Caviidae,2.543982472043699,3.2076343673889616,Capellini.2010
Eligmodontia_typus,Rodentia,Cricetidae,1.1592123924805924,1.2430380486862944,Capellini.2010
Epixerus_ebii,Rodentia,Sciuridae,2.066022810727932,2.662757831681574,Capellini.2010
Erethizon_dorsatum,Rodentia,Erethizontidae,3.1277749065789258,4.046729222266487,Capellini.2010
Euneomys_chinchilloides,Rodentia,Cricetidae,1.6094481222660562,1.8155777483242672,Capellini.2010
Funisciurus_congicus,Rodentia,Sciuridae,1.6628998078622697,2.050379756261458,Capellini.2010
Funisciurus_isabella,Rodentia,Sciuridae,1.6921314177273115,1.7781512503836436,Capellini.2010
Funisciurus_lemniscatus,Rodentia,Sciuridae,1.6354136853025263,1.9777236052888478,Capellini.2010
Funisciurus_pyrropus,Rodentia,Sciuridae,1.9415034797359099,2.387389826338729,Capellini.2010
Galea_musteloides,Rodentia,Caviidae,2.1047096025102325,2.507855871695831,Capellini.2010
Geocapromys_brownii,Rodentia,Echimyidae,2.5504552928291937,3.3902283624691303,Capellini.2010
Geocapromys_ingrahami,Rodentia,Echimyidae,2.1076606522471146,2.88930170250631,Capellini.2010
Geomys_bursarius,Rodentia,Geomyidae,1.8226699418162509,2.294466226161593,Capellini.2010
Geomys_pinetis,Rodentia,Geomyidae,1.8074468464153615,2.2379205663503803,Capellini.2010
Georychus_capensis,Rodentia,Bathyergidae,1.7463264112223957,2.2895889525425965,Capellini.2010
Gerbillurus_paeba,Rodentia,Muridae,1.2249344424217135,1.530199698203082,Capellini.2010
Gerbillurus_setzeri,Rodentia,Muridae,1.2515420900572864,1.6637009253896482,Capellini.2010
Gerbillurus_tytonis,Rodentia,Muridae,1.1840279148307016,1.4756711883244296,Capellini.2010
Gerbillurus_vallinus,Rodentia,Muridae,1.2241854434170298,1.5888317255942073,Capellini.2010
Gerbillus_andersoni,Rodentia,Muridae,1.2719374012346083,1.5477747053878226,Capellini.2010
Gerbillus_dasyurus,Rodentia,Muridae,1.149379997429693,1.4409090820652177,Capellini.2010
Gerbillus_gerbillus,Rodentia,Muridae,1.3111879366310806,1.4727564493172123,Capellini.2010
Gerbillus_nanus,Rodentia,Muridae,1.0284794061994895,1.4533183400470377,Capellini.2010
Gerbillus_perpallidus,Rodentia,Muridae,1.3215949325950385,1.7193312869837267,Capellini.2010
Gerbillus_pusillus,Rodentia,Muridae,0.8127955678397022,1.100370545117563,Capellini.2010
Gerbillus_pyramidum,Rodentia,Muridae,1.5937300805296022,2.0354297381845483,Capellini.2010
Glaucomys_volans,Rodentia,Sciuridae,1.5121520124935837,1.807873132003332,Capellini.2010
Graomys_griseoflavus,Rodentia,Cricetidae,1.607229828826226,1.841359470454855,Capellini.2010
Graphiurus_ocularis,Rodentia,Gliridae,1.5052737550084185,1.8312296938670634,Capellini.2010
Heliophobius_argenteocinereus,Rodentia,Bathyergidae,1.5570072735048623,1.9444826721501687,Capellini.2010
Heliosciurus_rufobrachium,Rodentia,Sciuridae,1.8082615052209314,2.361727836017593,Capellini.2010
Heterocephalus_glaber,Rodentia,Bathyergidae,0.9944356279441943,1.505149978319906,Capellini.2010
Heteromys_anomalus,Rodentia,Heteromyidae,1.6852069124871825,1.8407332346118068,Capellini.2010
Heteromys_desmarestianus,Rodentia,Heteromyidae,1.679380873123024,1.8796692056320534,Capellini.2010
Hydrochoerus_hydrochaeris,Rodentia,Caviidae,3.5024060747932593,4.421357098513142,Capellini.2010
Hydromys_chrysogaster,Rodentia,Muridae,2.4059862863273405,2.9542425094393248,Capellini.2010
Hystrix_africaeaustralis,Rodentia,Hystricidae,3.056330773015963,4.05307844348342,Capellini.2010
Isthmomys_pirrensis,Rodentia,Cricetidae,1.7671454563083546,2.13956426617585,Capellini.2010
Jaculus_jaculus,Rodentia,Dipodidae,1.648072050471499,1.8750612633917,Capellini.2010
Jaculus_orientalis,Rodentia,Dipodidae,1.826120475894496,2.143014800254095,Capellini.2010
Kerodon_rupestris,Rodentia,Caviidae,2.240010944695849,2.9036325160842376,Capellini.2010
Lagostomus_maximus,Rodentia,Chinchillidae,2.96174497353114,3.8314858392486575,Capellini.2010
Lemmiscus_curtatus,Rodentia,Cricetidae,1.3846736606963284,1.481442628502305,Capellini.2010
Lemmus_lemmus,Rodentia,Cricetidae,1.9664069043439507,1.9030899869919435,Capellini.2010
Lemmus_sibiricus,Rodentia,Cricetidae,1.6382640625661946,1.7007037171450194,Capellini.2010
Lemniscomys_griselda,Rodentia,Muridae,1.4436789295847952,1.6766936096248666,Capellini.2010
Lemniscomys_rosalia,Rodentia,Muridae,1.4717688887612586,1.7035492982382305,Capellini.2010
Heteromys_irroratus,Rodentia,Heteromyidae,1.4144687746844145,1.6821450763738317,Capellini.2010
Heteromys_salvini,Rodentia,Heteromyidae,1.3539635638297103,1.6414741105040995,Capellini.2010
Malacothrix_typica,Rodentia,Nesomyidae,0.9973943365878988,1.3364597338485296,Capellini.2010
Auliscomys_boliviensis,Rodentia,Cricetidae,1.7268215337016073,1.885361220031512,Capellini.2010
Marmota_flaviventris,Rodentia,Sciuridae,2.8723713445749497,3.632963168167261,Capellini.2010
Marmota_monax,Rodentia,Sciuridae,2.5042915582492467,3.423245873936808,Capellini.2010
Mastomys_natalensis,Rodentia,Muridae,1.1987146248748812,1.6180480967120927,Capellini.2010
Megadontomys_thomasi,Rodentia,Cricetidae,1.776877457139131,2.044539760392411,Capellini.2010
Meriones_hurrianae,Rodentia,Muridae,1.4195818576680979,1.8388490907372552,Capellini.2010
Meriones_tristrami,Rodentia,Muridae,1.6768063704607512,2.0492180226701815,Capellini.2010
Meriones_unguiculatus,Rodentia,Muridae,1.569878318694839,1.8260748027008264,Capellini.2010
Mesocricetus_auratus,Rodentia,Cricetidae,1.850423010388577,1.9912260756924949,Capellini.2010
Microcavia_niata,Rodentia,Caviidae,1.927877437135696,2.406540180433955,Capellini.2010
Microdipodops_megacephalus,Rodentia,Heteromyidae,1.1627241684031555,1.0413926851582251,Capellini.2010
Microdipodops_pallidus,Rodentia,Heteromyidae,0.9788926158920105,1.1818435879447726,Capellini.2010
Micromys_minutus,Rodentia,Muridae,1.00697628218091,0.8674674878590515,Capellini.2010
Microtus_agrestis,Rodentia,Cricetidae,1.4865627912888149,1.4471580313422192,Capellini.2010
Microtus_arvalis,Rodentia,Cricetidae,1.475497365138655,1.3010299956639813,Capellini.2010
Microtus_breweri,Rodentia,Cricetidae,1.5512208809676182,1.725094521081469,Capellini.2010
Microtus_californicus,Rodentia,Cricetidae,1.51689005029688,1.6434526764861874,Capellini.2010
Microtus_guentheri,Rodentia,Cricetidae,1.5870308758749303,1.6414741105040995,Capellini.2010
Microtus_longicaudus,Rodentia,Cricetidae,1.512538109258,1.455606112581867,Capellini.2010
Microtus_mexicanus,Rodentia,Cricetidae,1.3546487609029747,1.4593924877592308,Capellini.2010
Microtus_montanus,Rodentia,Cricetidae,1.6039070574660552,1.5456781497920256,Capellini.2010
Microtus_ochrogaster,Rodentia,Cricetidae,1.5811723362820358,1.6693168805661123,Capellini.2010
Microtus_oeconomus,Rodentia,Cricetidae,1.6871259488936425,1.5276299008713388,Capellini.2010
Microtus_pennsylvanicus,Rodentia,Cricetidae,1.5585720915067867,1.5899496013257077,Capellini.2010
Microtus_pinetorum,Rodentia,Cricetidae,1.4495185227528007,1.4065401804339552,Capellini.2010
Microtus_richardsoni,Rodentia,Cricetidae,1.790383498500173,1.817234730425498,Capellini.2010
Microtus_subterraneus,Rodentia,Cricetidae,1.3777108745739697,1.250420002308894,Capellini.2010
Microtus_townsendii,Rodentia,Cricetidae,1.6392741061157643,1.717670503002262,Capellini.2010
Microtus_xanthognathus,Rodentia,Cricetidae,1.6771587392280765,1.8356905714924256,Capellini.2010
Millardia_meltada,Rodentia,Muridae,1.4495185227528007,1.8286598965353198,Capellini.2010
Mus_minutoides,Rodentia,Muridae,1.0636786787072883,0.9063350418050907,Capellini.2010
Mus_spretus,Rodentia,Muridae,1.474796324660519,1.3384564936046048,Capellini.2010
Muscardinus_avellanarius,Rodentia,Gliridae,1.482308331940926,1.3710678622717363,Capellini.2010
Myoprocta_acouchy,Rodentia,Dasyproctidae,2.3844145608684766,2.9609461957338312,Capellini.2010
Myopus_schisticolor,Rodentia,Cricetidae,1.65371286453602,1.421603926869831,Capellini.2010
Glis_glis,Rodentia,Gliridae,1.881762762594824,2.3010299956639813,Capellini.2010
Mystromys_albicaudatus,Rodentia,Nesomyidae,1.7861906774820155,1.9721102284028305,Capellini.2010
Spalax_ehrenbergi,Rodentia,Spalacidae,1.7023466260362519,2.130816050034744,Capellini.2010
Spalax_leucodon,Rodentia,Spalacidae,1.8555334527918665,2.303196057420489,Capellini.2010
Napaeozapus_insignis,Rodentia,Dipodidae,1.2808008615659134,1.3424226808222062,Capellini.2010
Neofiber_alleni,Rodentia,Cricetidae,2.0191649535067504,2.411788004543869,Capellini.2010
Neotoma_albigula,Rodentia,Cricetidae,1.8118279599788278,2.2624510897304293,Capellini.2010
Neotoma_cinerea,Rodentia,Cricetidae,1.9099632459291247,2.3119656603683665,Capellini.2010
Neotoma_fuscipes,Rodentia,Cricetidae,1.8525743734673414,2.271841606536499,Capellini.2010
Neotoma_lepida,Rodentia,Cricetidae,1.6221254520890676,2.041392685158225,Capellini.2010
Notomys_alexis,Rodentia,Muridae,1.338436233649742,1.5092025223311027,Capellini.2010
Notomys_cervinus,Rodentia,Muridae,1.3034499753948943,1.534026106056135,Capellini.2010
Ochrotomys_nuttalli,Rodentia,Cricetidae,1.1162351932208865,1.290034611362518,Capellini.2010
Octodon_bridgesi,Rodentia,Octodontidae,1.9462681406026177,2.245759355967277,Capellini.2010
Octodon_degus,Rodentia,Octodontidae,1.9141672862553551,2.285489796846293,Capellini.2010
Octodon_lunatus,Rodentia,Octodontidae,1.9173698000191906,2.2385478876813276,Capellini.2010
Octodontomys_gliroides,Rodentia,Octodontidae,1.7993812632209452,2.1818435879447726,Capellini.2010
Octomys_mimax,Rodentia,Octodontidae,1.7439545486792085,2.074084689028244,Capellini.2010
Oligoryzomys_longicaudatus,Rodentia,Cricetidae,1.3910163413535068,1.4502491083193612,Capellini.2010
Ondatra_zibethicus,Rodentia,Cricetidae,2.491276121527696,3.0019931738235304,Capellini.2010
Onychomys_torridus,Rodentia,Cricetidae,1.1543973866993396,1.2810333672477277,Capellini.2010
Otomys_irroratus,Rodentia,Muridae,1.6118291736930426,2.0086001717619175,Capellini.2010
Otomys_sloggetti,Rodentia,Muridae,1.8091721125257358,2.054191576796432,Capellini.2010
Otomys_unisulcatus,Rodentia,Muridae,1.710699887466627,1.9822712330395684,Capellini.2010
Oxymycterus_roberti,Rodentia,Cricetidae,1.642242506810775,1.921686475483602,Capellini.2010
Paraxerus_cepapi,Rodentia,Sciuridae,1.8454908314976424,2.3494717992143856,Capellini.2010
Paraxerus_palliatus,Rodentia,Sciuridae,2.0985631590464364,2.564192460626198,Capellini.2010
Parotomys_brantsii,Rodentia,Muridae,1.6069193967315907,1.9370161074648142,Capellini.2010
Pedetes_capensis,Rodentia,Pedetidae,2.5826526067312683,3.361727836017593,Capellini.2010
Perognathus_flavus,Rodentia,Heteromyidae,0.9214027435157949,0.919078092376074,Capellini.2010
Perognathus_longimembris,Rodentia,Heteromyidae,0.6618794599705237,0.9493900066449128,Capellini.2010
Peromyscus_californicus,Rodentia,Cricetidae,1.4021053135191193,1.677606952720493,Capellini.2010
Peromyscus_crinitus,Rodentia,Cricetidae,1.0831253107055596,1.2013971243204515,Capellini.2010
Peromyscus_eremicus,Rodentia,Cricetidae,1.2030648563924695,1.3324384599156054,Capellini.2010
Peromyscus_gossypinus,Rodentia,Cricetidae,1.2510725824635553,1.3324384599156054,Capellini.2010
Peromyscus_leucopus,Rodentia,Cricetidae,1.2042437593444373,1.3010299956639813,Capellini.2010
Peromyscus_maniculatus,Rodentia,Cricetidae,1.2498965880219928,1.3579348470004537,Capellini.2010
Peromyscus_megalops,Rodentia,Cricetidae,1.6407129627004964,1.8208579894397,Capellini.2010
Peromyscus_keeni,Rodentia,Cricetidae,1.321694758933118,1.3905818785504354,Capellini.2010
Peromyscus_polionotus,Rodentia,Cricetidae,1.0155441355560064,1.0791812460476249,Capellini.2010
Peromyscus_keeni,Rodentia,Cricetidae,1.3527943836966092,1.4517864355242902,Capellini.2010
Peromyscus_truei,Rodentia,Cricetidae,1.3889351901620361,1.5211380837040362,Capellini.2010
Phenacomys_intermedius,Rodentia,Cricetidae,1.511088473102455,1.3324384599156054,Capellini.2010
Phodopus_sungorus,Rodentia,Cricetidae,1.294435923292147,1.4099331233312946,Capellini.2010
Phyllotis_darwini,Rodentia,Cricetidae,1.5367430575989953,1.7708520116421442,Capellini.2010
Phyllotis_magister,Rodentia,Cricetidae,1.5219547663776563,1.797959643737196,Capellini.2010
Phyllotis_xanthopygus,Rodentia,Cricetidae,1.4363055898398172,1.7403626894942439,Capellini.2010
Podomys_floridanus,Rodentia,Cricetidae,1.3965962187343435,1.4885507165004443,Capellini.2010
Proechimys_semispinosus,Rodentia,Echimyidae,2.1796201943381464,2.6972293427597176,Capellini.2010
Pseudomys_gracilicaudatus,Rodentia,Muridae,1.6062978660610685,1.9020028913507294,Capellini.2010
Pseudomys_hermannsburgensis,Rodentia,Muridae,1.05046159666642,1.0863598306747482,Capellini.2010
Rattus_colletti,Rodentia,Muridae,1.773010787079799,2.219322508419337,Capellini.2010
Rattus_fuscipes,Rodentia,Muridae,1.6092422467078498,1.8808135922807914,Capellini.2010
Rattus_lutreolus,Rodentia,Muridae,1.483960167143962,2.037426497940624,Capellini.2010
Rattus_sordidus,Rodentia,Muridae,1.7108628803309547,2.271841606536499,Capellini.2010
Rattus_villosissimus,Rodentia,Muridae,1.8470121090981524,2.398981066658131,Capellini.2010
Reithrodon_auritus,Rodentia,Cricetidae,1.5684668956719132,1.8959747323590646,Capellini.2010
Reithrodontomys_megalotis,Rodentia,Cricetidae,1.0352881937517635,0.9542425094393249,Capellini.2010
Rhabdomys_pumilio,Rodentia,Muridae,1.1896107080452731,1.5976951859255124,Capellini.2010
Saccostomus_campestris,Rodentia,Nesomyidae,1.3948285674676357,1.787460474518415,Capellini.2010
Sciurus_carolinensis,Rodentia,Sciuridae,2.2508376381884703,2.6434526764861874,Capellini.2010
Scotinomys_teguina,Rodentia,Cricetidae,1.177260269658844,1.0791812460476249,Capellini.2010
Scotinomys_xerampelinus,Rodentia,Cricetidae,1.187168558319093,1.1818435879447726,Capellini.2010
Sekeetamys_calurus,Rodentia,Muridae,1.3304886457550211,1.7551122663950711,Capellini.2010
Sicista_betulina,Rodentia,Dipodidae,1.188255653960307,1,Capellini.2010
Sigmodon_alleni,Rodentia,Cricetidae,1.9912430542784396,2.139249217571607,Capellini.2010
Sigmodon_fulviventer,Rodentia,Cricetidae,1.999914427693423,2.139249217571607,Capellini.2010
Sigmodon_hispidus,Rodentia,Cricetidae,2.0455881503915756,2.1439511164239633,Capellini.2010
Sigmodon_leucotis,Rodentia,Cricetidae,1.9537845117851076,2.109240968588203,Capellini.2010
Sigmodon_ochrognathus,Rodentia,Cricetidae,1.871190049355339,2.0610753236297916,Capellini.2010
Spalacopus_cyanus,Rodentia,Octodontidae,1.7116769283329387,2.131394081817373,Capellini.2010
Urocitellus_armatus,Rodentia,Sciuridae,1.8510134856418812,2.505149978319906,Capellini.2010
Otospermophilus_beecheyi,Rodentia,Sciuridae,2.1852459026428233,2.777861624176242,Capellini.2010
Urocitellus_beldingi,Rodentia,Sciuridae,1.7877975945406066,2.481442628502305,Capellini.2010
Spermophilus_citellus,Rodentia,Sciuridae,2.0410405226408552,2.380211241711606,Capellini.2010
Callospermophilus_lateralis,Rodentia,Sciuridae,1.8396548269721824,2.374748346010104,Capellini.2010
Xerospermophilus_mohavensis,Rodentia,Sciuridae,1.7354147752877245,2.380211241711606,Capellini.2010
Urocitellus_parryii,Rodentia,Sciuridae,2.3991090192752003,2.8129133566428557,Capellini.2010
Urocitellus_richardsonii,Rodentia,Sciuridae,1.8020974758363761,2.437750562820388,Capellini.2010
Callospermophilus_saturatus,Rodentia,Sciuridae,1.8910092060264527,2.401745082237063,Capellini.2010
Xerospermophilus_spilosoma,Rodentia,Sciuridae,1.6479307935237897,2.2405492482826,Capellini.2010
Xerospermophilus_tereticaudus,Rodentia,Sciuridae,1.6540101737941848,2.2227164711475833,Capellini.2010
Urocitellus_townsendii,Rodentia,Sciuridae,1.7056989896618633,2.359835482339888,Capellini.2010
Ictidomys_tridecemlineatus,Rodentia,Sciuridae,1.830596496433715,2.312663866150631,Capellini.2010
Urocitellus_undulatus,Rodentia,Sciuridae,2.5072835957265855,2.832508912706236,Capellini.2010
Steatomys_pratensis,Rodentia,Nesomyidae,0.9565699482617475,1.5744942682853276,Capellini.2010
Stochomys_longicaudatus,Rodentia,Muridae,1.6721102913389378,1.9253120914996495,Capellini.2010
Tachyoryctes_splendens,Rodentia,Spalacidae,1.86176613417857,2.2810333672477277,Capellini.2010
Neotamias_alpinus,Rodentia,Sciuridae,1.4442814887961324,1.591064607026499,Capellini.2010
Neotamias_amoenus,Rodentia,Sciuridae,1.6665966474555676,1.7566361082458481,Capellini.2010
Neotamias_merriami,Rodentia,Sciuridae,1.5793562381020392,1.8750612633917,Capellini.2010
Neotamias_minimus,Rodentia,Sciuridae,1.5448192632118354,1.6608654780038692,Capellini.2010
Neotamias_palmeri,Rodentia,Sciuridae,1.7365682805658562,1.841359470454855,Capellini.2010
Tamias_striatus,Rodentia,Sciuridae,1.637348185079726,1.941511432634403,Capellini.2010
Tamiasciurus_hudsonicus,Rodentia,Sciuridae,2.088964074958038,2.3585059114902354,Capellini.2010
Gerbilliscus_afra,Rodentia,Muridae,1.9434513938073115,2.0273496077747564,Capellini.2010
Tatera_indica,Rodentia,Muridae,1.5622015551404738,1.9395192526186185,Capellini.2010
Gerbilliscus_leucogaster,Rodentia,Muridae,1.8055181710516812,2.197611323169714,Capellini.2010
Thallomys_paedulcus,Rodentia,Muridae,1.6239706516071226,2.121969981607635,Capellini.2010
Thomomys_bottae,Rodentia,Geomyidae,1.7627209991673445,2.155336037465062,Capellini.2010
Thomomys_talpoides,Rodentia,Geomyidae,1.8355163392699787,2.0285712526925375,Capellini.2010
Thomomys_umbrinus,Rodentia,Geomyidae,1.5419435270689865,1.9294189257142926,Capellini.2010
Thrichomys_apereoides,Rodentia,Echimyidae,1.9984461522676893,2.509202522331103,Capellini.2010
Tympanoctomys_barrerae,Rodentia,Octodontidae,1.5702276429035253,1.8536982117761744,Capellini.2010
Uromys_caudimaculatus,Rodentia,Muridae,2.43958964008301,2.9095560292411755,Capellini.2010
Xerus_inauris,Rodentia,Sciuridae,2.1966961292755256,2.733999286538387,Capellini.2010
Xerus_princeps,Rodentia,Sciuridae,2.2147506147176643,2.7795964912578244,Capellini.2010
Zapus_hudsonius,Rodentia,Dipodidae,1.2357738917525944,1.376576957056512,Capellini.2010
Orycteropus_afer,Tubulidentata,Orycteropodidae,3.4715568826638568,4.681241237375588,Capellini.2010
Ptilocercus_lowii,Scandentia,Ptilocercidae,1.3215949325950385,1.7634279935629373,Capellini.2010
Tupaia_glis,Scandentia,Tupaiidae,1.6538243793605902,2.089905111439398,Capellini.2010
Urogale_everetti,Scandentia,Tupaiidae,2.0335475321754624,2.415974411376566,Capellini.2010
Bradypus_variegatus,Pilosa,Bradypodidae,2.5194234604776575,3.578639209968072,Capellini.2010
Cabassous_centralis,Cingulata,CingulataFam,2.645380280263716,3.6364878963533656,Capellini.2010
Chaetophractus_vellerosus,Cingulata,CingulataFam,2.4305174835268244,3.3324384599156054,Capellini.2010
Chaetophractus_vellerosus,Cingulata,CingulataFam,2.1693377364922766,3.0453229787866576,Capellini.2010
Chaetophractus_villosus,Cingulata,CingulataFam,2.590581530806399,3.6570558528571038,Capellini.2010
Choloepus_hoffmanni,Pilosa,Megalonychidae,2.463567008502119,3.576341350205793,Capellini.2010
Cyclopes_didactylus,Pilosa,Cyclopedidae,1.7418352963921209,2.380211241711606,Capellini.2010
Dasypus_novemcinctus,Cingulata,CingulataFam,2.6202322254611397,3.545307116465824,Capellini.2010
Euphractus_sexcinctus,Cingulata,CingulataFam,2.775366524693989,3.9132839017604186,Capellini.2010
Myrmecophaga_tridactyla,Pilosa,Myrmecophagidae,3.099275025817105,4.48572142648158,Capellini.2010
Priodontes_maximus,Cingulata,CingulataFam,3.164222819672429,4.655042341331201,Capellini.2010
Tamandua_mexicana,Pilosa,Myrmecophagidae,2.6794071544460047,3.5995195529861364,Capellini.2010
Tamandua_tetradactyla,Pilosa,Myrmecophagidae,2.6367687393874926,3.5440680443502757,Capellini.2010
Tolypeutes_matacus,Cingulata,CingulataFam,2.0052422397365044,3.0644579892269186,Capellini.2010
Zaedyus_pichiy,Cingulata,CingulataFam,2.277763363070402,3.2405492482826,Capellini.2010
Antechinomys_laniger,Dasyuromorphia,Dasyuridae,1.0858827452507485,1.4116197059632303,Capellini.2010
Antechinus_flavipes,Dasyuromorphia,Dasyuridae,1.3373303627965998,1.667452952889954,Capellini.2010
Antechinus_stuartii,Dasyuromorphia,Dasyuridae,1.2118938674152973,1.4502491083193612,Capellini.2010
Antechinus_swainsonii,Dasyuromorphia,Dasyuridae,1.4824462250939827,1.825426117767823,Capellini.2010
Dasycercus_cristicauda,Dasyuromorphia,Dasyuridae,1.390760999171588,2.0043213737826426,Capellini.2010
Dasyuroides_byrnei,Dasyuromorphia,Dasyuridae,1.538685398142119,1.9624166934457512,Capellini.2010
Dasyurus_geoffroii,Dasyuromorphia,Dasyuridae,2.437973630387427,3.1316186643491255,Capellini.2010
Dasyurus_hallucatus,Dasyuromorphia,Dasyuridae,2.068729821071884,2.7466341989375787,Capellini.2010
Dasyurus_maculatus,Dasyuromorphia,Dasyuridae,2.4297865703988846,3.250907699700856,Capellini.2010
Dasyurus_viverrinus,Dasyuromorphia,Dasyuridae,2.2810201468429296,2.9921114877869495,Capellini.2010
Myrmecobius_fasciatus,Dasyuromorphia,Myrmecobiidae,1.8366156649412384,2.6020599913279625,Capellini.2010
Ningaui_yvonneae,Dasyuromorphia,Dasyuridae,0.8778974333623257,1.0644579892269184,Capellini.2010
Phascogale_tapoatafa,Dasyuromorphia,Dasyuridae,1.7874903469282846,2.1958996524092336,Capellini.2010
Planigale_gilesi,Dasyuromorphia,Dasyuridae,0.5269610982635622,0.9576072870600952,Capellini.2010
Planigale_ingrami,Dasyuromorphia,Dasyuridae,0.7361841191238208,0.8512583487190752,Capellini.2010
Planigale_maculata,Dasyuromorphia,Dasyuridae,0.7622869216880259,1.0334237554869496,Capellini.2010
Planigale_tenuirostris,Dasyuromorphia,Dasyuridae,0.7357611486799279,0.8512583487190752,Capellini.2010
Sarcophilus_harrisii,Dasyuromorphia,Dasyuridae,2.8054405179177184,3.761551988564182,Capellini.2010
Sminthopsis_crassicaudata,Dasyuromorphia,Dasyuridae,1.0827793971214392,1.2148438480476977,Capellini.2010
Sminthopsis_macroura,Dasyuromorphia,Dasyuridae,1.0360595873504888,1.2866809693549301,Capellini.2010
Sminthopsis_murina,Dasyuromorphia,Dasyuridae,1.0149377200766496,1.2787536009528289,Capellini.2010
Caluromys_derbianus,Didelphimorphia,Didelphidae,2.0353460958226317,2.5165353738957994,Capellini.2010
Chironectes_minimus,Didelphimorphia,Didelphidae,2.342546457510719,2.970579305714851,Capellini.2010
Didelphis_marsupialis,Didelphimorphia,Didelphidae,2.4394412485396146,3.0661394928706995,Capellini.2010
Didelphis_virginiana,Didelphimorphia,Didelphidae,2.603192461194735,3.3959079755667365,Capellini.2010
Gracilinanus_microtarsus,Didelphimorphia,Didelphidae,0.9554115200424876,1.1139433523068367,Capellini.2010
Lutreolina_crassicaudata,Didelphimorphia,Didelphidae,2.2916317092175955,2.9095560292411755,Capellini.2010
Marmosa_robinsoni,Didelphimorphia,Didelphidae,1.6725554933070927,2.0863598306747484,Capellini.2010
Metachirus_nudicaudatus,Didelphimorphia,Didelphidae,1.9947747880410123,2.526339277389844,Capellini.2010
Monodelphis_brevicaudata,Didelphimorphia,Didelphidae,1.4352309829382992,1.8779469516291882,Capellini.2010
Monodelphis_domestica,Didelphimorphia,Didelphidae,1.4613293024064975,2.0170333392987803,Capellini.2010
Philander_opossum,Didelphimorphia,Didelphidae,2.2119581264199133,2.8756399370041685,Capellini.2010
Acrobates_pygmaeus,Diprotodontia,Acrobatidae,0.8626574668055887,1.146128035678238,Capellini.2010
Aepyprymnus_rufescens,Diprotodontia,Potoroidae,2.713138380576572,3.450249108319361,Capellini.2010
Bettongia_gaimardi,Diprotodontia,Potoroidae,2.490136440058822,3.1414497734004674,Capellini.2010
Bettongia_penicillata,Diprotodontia,Potoroidae,2.4323780839388216,3.00774777800074,Capellini.2010
Burramys_parvus,Diprotodontia,Burramyidae,1.2485874942395445,1.6464037262230695,Capellini.2010
Cercartetus_concinnus,Diprotodontia,Burramyidae,1.0317998659059422,1.2695129442179163,Capellini.2010
Cercartetus_lepidus,Diprotodontia,Burramyidae,0.9566624891702381,1.100370545117563,Capellini.2010
Cercartetus_nanus,Diprotodontia,Burramyidae,1.4627021668982256,1.845098040014257,Capellini.2010
Dendrolagus_matschiei,Diprotodontia,Macropodidae,2.837468776306717,3.842609239610562,Capellini.2010
Gymnobelideus_leadbeateri,Diprotodontia,Petauridae,1.695521050402834,2.220108088040055,Capellini.2010
Lagorchestes_conspicillatus,Diprotodontia,Macropodidae,2.613137290591374,3.424881636631067,Capellini.2010
Lasiorhinus_latifrons,Diprotodontia,Vombatidae,3.1590237170798696,4.475918041439468,Capellini.2010
Macropus_eugenii,Diprotodontia,Macropodidae,2.8261829598140205,3.688241795977712,Capellini.2010
Macropus_robustus,Diprotodontia,Macropodidae,3.437775025924737,4.466867620354109,Capellini.2010
Macropus_rufus,Diprotodontia,Macropodidae,3.45012789208869,4.511749711344983,Capellini.2010
Petauroides_volans,Diprotodontia,Pseudocheiridae,2.4419419003873593,3.0572856444182146,Capellini.2010
Petaurus_breviceps,Diprotodontia,Petauridae,1.6368653673736298,2.103803720955957,Capellini.2010
Phascolarctos_cinereus,Diprotodontia,Phascolarctidae,2.697626214398325,3.6780629049743454,Capellini.2010
Potorous_tridactylus,Diprotodontia,Potoroidae,2.3026163964789,2.9894498176666917,Capellini.2010
Pseudocheirus_peregrinus,Diprotodontia,Pseudocheiridae,2.317078831430075,2.9618954736678504,Capellini.2010
Setonix_brachyurus,Diprotodontia,Macropodidae,2.604427919224223,3.4271614029259654,Capellini.2010
Spilocuscus_maculatus,Diprotodontia,Phalangeridae,2.741246885693121,3.6283889300503116,Capellini.2010
Tarsipes_rostratus,Diprotodontia,Tarsipedidae,1.1455036735393571,1,Capellini.2010
Trichosurus_vulpecula,Diprotodontia,Phalangeridae,2.5473793724447806,3.302114376956201,Capellini.2010
Notoryctes_caurinus,Notoryctemorphia,Notoryctidae,1.0139251421362379,1.5314789170422551,Capellini.2010
Echymipera_kalubu,Peramelemorphia,Peramelidae,2.215286560259029,2.8419848045901137,Capellini.2010
Echymipera_rufescens,Peramelemorphia,Peramelidae,2.307831123786497,2.875807608227855,Capellini.2010
Isoodon_auratus,Peramelemorphia,Peramelidae,1.858617489003849,2.6314437690131722,Capellini.2010
Isoodon_macrourus,Peramelemorphia,Peramelidae,2.4419191975210013,3.190611797813605,Capellini.2010
Isoodon_obesulus,Peramelemorphia,Peramelidae,2.029986525142474,2.8555191556678,Capellini.2010
Macrotis_lagotis,Peramelemorphia,Thylacomyidae,2.3359947608992155,3.1119342763326814,Capellini.2010
Perameles_gunnii,Peramelemorphia,Peramelidae,2.3065348507786805,2.92272545799326,Capellini.2010
Perameles_nasuta,Peramelemorphia,Peramelidae,2.182861470304182,2.8095597146352675,Capellini.2010
Ornithorhynchus_anatinus,Monotremata,Ornithorhynchidae,1.970996941594427,2.8407332346118066,Capellini.2010
Tachyglossus_aculeatus,Monotremata,Tachyglossidae,2.317129269207485,3.4353665066126613,Capellini.2010
Zaglossus_bruijnii,Monotremata,Tachyglossidae,2.7678249076516988,4.012837224705172,Capellini.2010
Camelus_dromedarius,Cetartiodactyla,Camelidae,4.288335279463171,5.60959440922522,PanTHERIA.2008
Calomys_lepidus,Rodentia,Calomyscidae,1.1424981633996318,1.2041199826559248,PanTHERIA.2008
Calomys_venustus,Rodentia,Calomyscidae,1.5330162339418971,1.6946051989335686,PanTHERIA.2008
Cercopithecus_mitis,Primates,Cercopithecidae,3.2216479923327714,3.9370161074648142,PanTHERIA.2008
Eremitalpa_granti,Afrosoricida,Chrysochloridae,0.87034429547188,1.416640507338281,PanTHERIA.2008
Erophylla_bombifrons,Chiroptera,Phyllostomidae,0.9313242368304758,1.2068258760318498,PanTHERIA.2008
Chionomys_nivalis,Rodentia,Cricetidae,1.5916443078123605,1.515873843711679,PanTHERIA.2008
Crocidura_jouvenetae,Eulipotyphla,Soricidae,1.003251961751455,0.9777236052888477,PanTHERIA.2008
Cheirogaleus_medius,Primates,Cheirogaleidae,1.9731402870029189,2.4771212547196626,PanTHERIA.2008
Choeroniscus_godmani,Chiroptera,Phyllostomidae,0.9636840460084773,1.0043213737826426,PanTHERIA.2008
Colobus_guereza,Primates,Cercopithecidae,3.1681168902189745,4.026328938722349,PanTHERIA.2008
Euoticus_elegantulus,Primates,Galagidae,2.016875276513876,2.4178866903508798,PanTHERIA.2008
Fukomys_darlingi,Rodentia,Bathyergidae,1.5106687868951247,1.9084850188786497,PanTHERIA.2008
Cystophora_cristata,Carnivora,Phocidae,4.482384178593141,5.4515422258543085,PanTHERIA.2008
Dobsonia_pannietensis,Chiroptera,Pteropodidae,1.9231554477530486,2.3827372657613304,PanTHERIA.2008
Enhydra_lutris,Carnivora,Mustelidae,3.7644529834445337,4.2552725051033065,PanTHERIA.2008
Halichoerus_grypus,Carnivora,Phocidae,4.269758232093752,5.2878017299302265,PanTHERIA.2008
Felis_silvestris,Carnivora,Felidae,3.1861060136534305,3.651762447380111,PanTHERIA.2008
Galagoides_demidoff,Primates,Galagidae,1.4838227539227862,1.8048206787211623,PanTHERIA.2008
Glossophaga_longirostris,Chiroptera,Phyllostomidae,1.1056955154918833,1.130333768495006,PanTHERIA.2008
Hemicentetes_nigriceps,Afrosoricida,Tenrecidae,1.5431440654475945,2.0081741840064264,PanTHERIA.2008
Lasiurus_borealis,Chiroptera,Vespertilionidae,0.9246521562369494,1.0863598306747482,PanTHERIA.2008
Lasiurus_cinereus,Chiroptera,Vespertilionidae,0.9008527489031948,1.2988530764097066,PanTHERIA.2008
Lasiurus_intermedius,Chiroptera,Vespertilionidae,0.9455567653708306,1.354108439147401,PanTHERIA.2008
Lasiurus_seminolus,Chiroptera,Vespertilionidae,0.8127955678397022,0.989894563718773,PanTHERIA.2008
Kobus_ellipsiprymnus,Cetartiodactyla,Bovidae,4.109616937004976,5,PanTHERIA.2008
Marmota_marmota,Rodentia,Sciuridae,2.6868763073574438,3.2713768718940743,PanTHERIA.2008
Lepilemur_mustelinus,Primates,Lepilemuridae,2.035288193751764,2.8407332346118066,PanTHERIA.2008
Leptonychotes_weddellii,Carnivora,Phocidae,4.7389119737387535,5.565847818673518,PanTHERIA.2008
Leptonycteris_yerbabuenae,Chiroptera,Phyllostomidae,1.3265583521265885,1.3424226808222062,PanTHERIA.2008
Loris_tardigradus,Primates,Lorisidae,2.136424015687439,2.1072099696478683,PanTHERIA.2008
Lycaon_pictus,Carnivora,Canidae,3.6942382210495937,4.186815124447454,PanTHERIA.2008
Macaca_mulatta,Primates,Cercopithecidae,3.033159769219431,3.794139355767774,PanTHERIA.2008
Macropus_parma,Diprotodontia,Macropodidae,2.8218030076202094,3.574031267727719,PanTHERIA.2008
Madoqua_kirkii,Cetartiodactyla,Bovidae,3.0145329721611445,3.6324572921847245,PanTHERIA.2008
Mephitis_mephitis,Carnivora,Mephitidae,2.488198553983074,3.380211241711606,PanTHERIA.2008
Microcebus_murinus,Primates,Cheirogaleidae,1.7829243852556316,2.004536317851323,PanTHERIA.2008
Microtus_canicaudus,Rodentia,Cricetidae,1.574196902108125,1.4828735836087537,PanTHERIA.2008
Myotis_velifer,Chiroptera,Vespertilionidae,0.569596400812883,1.0755469613925308,PanTHERIA.2008
Myotis_vivesi,Chiroptera,Vespertilionidae,1.2363817217775004,1.3979400086720377,PanTHERIA.2008
Myotis_yumanensis,Chiroptera,Vespertilionidae,0.6125246013546939,0.6989700043360189,PanTHERIA.2008
Mus_musculus,Rodentia,Muridae,1.4371480624258375,1.5526682161121932,PanTHERIA.2008
Mustela_nivalis,Carnivora,Mustelidae,1.9940113050165424,1.8834342936830093,PanTHERIA.2008
Mustela_putorius,Carnivora,Mustelidae,2.6113990878726034,3.012837224705172,PanTHERIA.2008
Nyctereutes_procyonoides,Carnivora,Canidae,2.9235051413790423,3.624797578960761,PanTHERIA.2008
Nycticeius_humeralis,Chiroptera,Vespertilionidae,0.7133004609971523,0.9547247909790629,PanTHERIA.2008
Nyctinomops_laticaudatus,Chiroptera,Molossidae,0.7268608026090807,1.146128035678238,PanTHERIA.2008
Nyctophilus_gouldi,Chiroptera,Vespertilionidae,0.9940113050165426,0.9684829485539351,PanTHERIA.2008
Oreamnos_americanus,Cetartiodactyla,Bovidae,3.6032290019311253,4.505149978319906,PanTHERIA.2008
Oryzorictes_hova,Afrosoricida,Tenrecidae,1.5200624126999516,1.6473829701146199,PanTHERIA.2008
Pagophilus_groenlandicus,Carnivora,Phocidae,4.0740619673237655,5.121395680707224,PanTHERIA.2008
Pan_troglodytes,Primates,Hominidae,3.637348185079726,4.533390708017551,PanTHERIA.2008
Phodopus_campbelli,Rodentia,Cricetidae,1.4541784588615958,1.4969296480732148,PanTHERIA.2008
Peromyscus_boylii,Rodentia,Cricetidae,1.4177455146281006,1.3654879848908996,PanTHERIA.2008
Philantomba_monticola,Cetartiodactyla,Bovidae,2.9398234216178882,3.6232492903979003,PanTHERIA.2008
Phoca_largha,Carnivora,Phocidae,4.2375366835359545,4.9614210940664485,PanTHERIA.2008
Propithecus_verreauxi,Primates,Indriidae,2.5091804783412277,3.525044807036845,PanTHERIA.2008
Pseudantechinus_macdonnellensis,Dasyuromorphia,Dasyuridae,1.1159146806735694,1.6334684555795864,PanTHERIA.2008
Pusa_hispida,Carnivora,Phocidae,3.790756501786888,4.839373263547547,PanTHERIA.2008
Raphicerus_campestris,Cetartiodactyla,Bovidae,3.2508376381884703,3.9822712330395684,PanTHERIA.2008
Sciurus_aberti,Rodentia,Sciuridae,2.3171393560600806,2.795184589682424,PanTHERIA.2008
Tragulus_javanicus,Cetartiodactyla,Tragulidae,2.6236719621304916,3.2089785172762535,PanTHERIA.2008
Trichechus_inunguis,Sirenia,Trichechidae,3.746274219158416,5.218070503503758,PanTHERIA.2008
Arctocebus_calabarensis,Primates,Lorisidae,1.625361826059866,2.3180633349627615,PanTHERIA.2008
Arctocephalus_galapagoensis,Carnivora,Otariidae,3.7777095530207006,4.66228551572213,PanTHERIA.2008
Tragelaphus_oryx,Cetartiodactyla,Bovidae,4.239408176407688,5.176091259055681,PanTHERIA.2008
Thallomys_nigricauda,Rodentia,Muridae,1.5185425704422593,2.0958664534785427,PanTHERIA.2008
Thylogale_thetis,Diprotodontia,Macropodidae,2.8289854721110212,3.6434526764861874,PanTHERIA.2008
Ursus_americanus,Carnivora,Ursidae,4.069879221108045,5.04336227802113,PanTHERIA.2008
Ursus_arctos,Carnivora,Ursidae,4.000972698542292,5.210662420853826,PanTHERIA.2008
Ursus_maritimus,Carnivora,Ursidae,4.329960128302581,5.562292864456475,PanTHERIA.2008
Vulpes_velox,Carnivora,Canidae,2.7300688297638254,3.3197304943302246,PanTHERIA.2008
