Binomial.1.2,Order.1.2,Family.1.2,Binomial.Source,BM,FMR,log10BM,log10FMR,Source,Comment
Microtus_pennsylvanicus,Rodentia,Cricetidae,Microtus_pennsylvanicus,36.6,113,1.5634810853944108,2.0530784434834195,Hudson.2013,NA
Microtus_pennsylvanicus,Rodentia,Cricetidae,Microtus_pennsylvanicus,39.300000000000004,115.6,1.5943925503754268,2.0629578340845103,Hudson.2013,NA
Microtus_pennsylvanicus,Rodentia,Cricetidae,Microtus_pennsylvanicus,34.5,111.2,1.5378190950732742,2.0461047872460387,Hudson.2013,NA
Microtus_pennsylvanicus,Rodentia,Cricetidae,Microtus_pennsylvanicus,35.4,98.2,1.5490032620257879,1.9921114877869497,Hudson.2013,NA
Microtus_pennsylvanicus,Rodentia,Cricetidae,Microtus_pennsylvanicus,30.4,78.5,1.4828735836087537,1.8948696567452525,Hudson.2013,NA
Microtus_pennsylvanicus,Rodentia,Cricetidae,Microtus_pennsylvanicus,35.6,84,1.551449997972875,1.9242792860618816,Hudson.2013,NA
Microtus_pennsylvanicus,Rodentia,Cricetidae,Microtus_pennsylvanicus,32.800000000000004,100.1,1.5158738437116792,2.000434077479319,Hudson.2013,NA
Microtus_pennsylvanicus,Rodentia,Cricetidae,Microtus_pennsylvanicus,34.9,64,1.54282542695918,1.806179973983887,Hudson.2013,NA
Tarsipes_rostratus,Diprotodontia,Tarsipedidae,Tarsipes_rostratus,6.8999999999999995,8.6,0.8388490907372553,0.9344984512435677,Hudson.2013,NA
Tarsipes_rostratus,Diprotodontia,Tarsipedidae,Tarsipes_rostratus,10.1,27,1.0043213737826426,1.4313637641589874,Hudson.2013,NA
Tarsipes_rostratus,Diprotodontia,Tarsipedidae,Tarsipes_rostratus,6.8,18.1,0.8325089127062363,1.2576785748691846,Hudson.2013,NA
Tarsipes_rostratus,Diprotodontia,Tarsipedidae,Tarsipes_rostratus,7.2,13.5,0.8573324964312685,1.130333768495006,Hudson.2013,NA
Tarsipes_rostratus,Diprotodontia,Tarsipedidae,Tarsipes_rostratus,8.9,23.9,0.9493900066449128,1.3783979009481377,Hudson.2013,NA
Tarsipes_rostratus,Diprotodontia,Tarsipedidae,Tarsipes_rostratus,14.4,50.1,1.1583624920952498,1.6998377258672457,Hudson.2013,NA
Tarsipes_rostratus,Diprotodontia,Tarsipedidae,Tarsipes_rostratus,8.8,31.9,0.9444826721501687,1.503790683057181,Hudson.2013,NA
Tarsipes_rostratus,Diprotodontia,Tarsipedidae,Tarsipes_rostratus,11.1,21.1,1.0453229787866574,1.3242824552976926,Hudson.2013,NA
Tarsipes_rostratus,Diprotodontia,Tarsipedidae,Tarsipes_rostratus,8.200000000000001,9.8,0.9138138523837167,0.9912260756924949,Hudson.2013,NA
Tarsipes_rostratus,Diprotodontia,Tarsipedidae,Tarsipes_rostratus,11,23,1.0413926851582251,1.3617278360175928,Hudson.2013,NA
Tarsipes_rostratus,Diprotodontia,Tarsipedidae,Tarsipes_rostratus,8.200000000000001,16.1,0.9138138523837167,1.2068258760318498,Hudson.2013,NA
Tarsipes_rostratus,Diprotodontia,Tarsipedidae,Tarsipes_rostratus,8,10.4,0.9030899869919435,1.0170333392987803,Hudson.2013,NA
Tarsipes_rostratus,Diprotodontia,Tarsipedidae,Tarsipes_rostratus,8.7,22.7,0.9395192526186185,1.3560258571931227,Hudson.2013,NA
Tarsipes_rostratus,Diprotodontia,Tarsipedidae,Tarsipes_rostratus,8,28.4,0.9030899869919435,1.4533183400470377,Hudson.2013,NA
Tarsipes_rostratus,Diprotodontia,Tarsipedidae,Tarsipes_rostratus,7,48.4,0.8450980400142568,1.6848453616444126,Hudson.2013,NA
Tarsipes_rostratus,Diprotodontia,Tarsipedidae,Tarsipes_rostratus,7.4,16.7,0.8692317197309762,1.2227164711475833,Hudson.2013,NA
Tarsipes_rostratus,Diprotodontia,Tarsipedidae,Tarsipes_rostratus,7.1000000000000005,32.6,0.8512583487190754,1.513217600067939,Hudson.2013,NA
Tarsipes_rostratus,Diprotodontia,Tarsipedidae,Tarsipes_rostratus,9.799999999999999,55.05,0.9912260756924948,1.7407573233077707,Hudson.2013,NA
Tarsipes_rostratus,Diprotodontia,Tarsipedidae,Tarsipes_rostratus,10,16.3,1,1.212187604403958,Hudson.2013,NA
Tarsipes_rostratus,Diprotodontia,Tarsipedidae,Tarsipes_rostratus,6.2,55.4,0.7923916894982539,1.7435097647284297,Hudson.2013,NA
Sciurus_carolinensis,Rodentia,Sciuridae,Sciurus_carolinensis,653,1150,2.814913181275074,3.060697840353612,Hudson.2013,NA
Sciurus_carolinensis,Rodentia,Sciuridae,Sciurus_carolinensis,668,523,2.824776462475546,2.718501688867274,Hudson.2013,NA
Sciurus_carolinensis,Rodentia,Sciuridae,Sciurus_carolinensis,630,479,2.7993405494535817,2.680335513414563,Hudson.2013,NA
Sciurus_carolinensis,Rodentia,Sciuridae,Sciurus_carolinensis,634,428,2.802089257881733,2.6314437690131722,Hudson.2013,NA
Sciurus_carolinensis,Rodentia,Sciuridae,Sciurus_carolinensis,585,556,2.7671558660821804,2.7450747915820575,Hudson.2013,NA
Sciurus_carolinensis,Rodentia,Sciuridae,Sciurus_carolinensis,537,314,2.7299742856995555,2.496929648073215,Hudson.2013,NA
Sciurus_carolinensis,Rodentia,Sciuridae,Sciurus_carolinensis,634,857,2.802089257881733,2.932980821923198,Hudson.2013,NA
Sciurus_carolinensis,Rodentia,Sciuridae,Sciurus_carolinensis,448,581,2.651278013998144,2.7641761323903307,Hudson.2013,NA
Sciurus_carolinensis,Rodentia,Sciuridae,Sciurus_carolinensis,695,638,2.8419848045901137,2.8048206787211623,Hudson.2013,NA
Sciurus_carolinensis,Rodentia,Sciuridae,Sciurus_carolinensis,643,712,2.808210972924222,2.8524799936368566,Hudson.2013,NA
Sciurus_carolinensis,Rodentia,Sciuridae,Sciurus_carolinensis,634,606,2.802089257881733,2.782472624166286,Hudson.2013,NA
Myrmecobius_fasciatus,Dasyuromorphia,Myrmecobiidae,Myrmecobius_fasciatus,547,309.5,2.737987326333431,2.490660653356137,Hudson.2013,NA
Myrmecobius_fasciatus,Dasyuromorphia,Myrmecobiidae,Myrmecobius_fasciatus,408,198.8,2.61066016308988,2.2984163800612945,Hudson.2013,NA
Myrmecobius_fasciatus,Dasyuromorphia,Myrmecobiidae,Myrmecobius_fasciatus,522,211.7,2.717670503002262,2.325720858019412,Hudson.2013,NA
Myrmecobius_fasciatus,Dasyuromorphia,Myrmecobiidae,Myrmecobius_fasciatus,428,262.2,2.6314437690131722,2.4186326873540653,Hudson.2013,NA
Myrmecobius_fasciatus,Dasyuromorphia,Myrmecobiidae,Myrmecobius_fasciatus,520,362.5,2.716003343634799,2.5593080109070123,Hudson.2013,NA
Aplodontia_rufa,Rodentia,Aplodontiidae,Aplodontia_rufa,787,1502,2.8959747323590648,3.17666993266815,Hudson.2013,NA
Aplodontia_rufa,Rodentia,Aplodontiidae,Aplodontia_rufa,910,2246,2.9590413923210934,3.351409751925439,Hudson.2013,NA
Aplodontia_rufa,Rodentia,Aplodontiidae,Aplodontia_rufa,622,1213,2.7937903846908188,3.083860800866573,Hudson.2013,NA
Aplodontia_rufa,Rodentia,Aplodontiidae,Aplodontia_rufa,549,948,2.739572344450092,2.976808337338066,Hudson.2013,NA
Lontra_canadensis,Carnivora,Mustelidae,Lontra_canadensis,6875,5433,3.8372727025023003,3.7350397050337207,Hudson.2013,NA
Lontra_canadensis,Carnivora,Mustelidae,Lontra_canadensis,6985,3979,3.844166410450201,3.599773939146388,Hudson.2013,NA
Lontra_canadensis,Carnivora,Mustelidae,Lontra_canadensis,8950,7171,3.951823035315912,3.8555797225017177,Hudson.2013,NA
Lontra_canadensis,Carnivora,Mustelidae,Lontra_canadensis,7950,2899,3.9003671286564705,3.4622482153549976,Hudson.2013,NA
Lontra_canadensis,Carnivora,Mustelidae,Lontra_canadensis,8450,4208,3.926856708949692,3.6240757311456826,Hudson.2013,NA
Lepilemur_ruficaudatus,Primates,Lepilemuridae,Lepilemur_ruficaudatus,682,444.7,2.833784374656479,2.6480671294489344,Hudson.2013,NA
Lepilemur_ruficaudatus,Primates,Lepilemuridae,Lepilemur_ruficaudatus,877.5,466.6,2.943247125137862,2.668944734457734,Hudson.2013,NA
Lepilemur_ruficaudatus,Primates,Lepilemuridae,Lepilemur_ruficaudatus,940.25,595.75,2.973243342094437,2.775064051018494,Hudson.2013,NA
Lepilemur_ruficaudatus,Primates,Lepilemuridae,Lepilemur_ruficaudatus,659.5,218.9,2.819214799882384,2.3402457615679317,Hudson.2013,NA
Lepilemur_ruficaudatus,Primates,Lepilemuridae,Lepilemur_ruficaudatus,831.5,852.7,2.919862253555538,2.9307962629833004,Hudson.2013,NA
Lepilemur_ruficaudatus,Primates,Lepilemuridae,Lepilemur_ruficaudatus,760.5,423.9,2.8810992183890174,2.627263416568221,Hudson.2013,NA
Lepilemur_ruficaudatus,Primates,Lepilemuridae,Lepilemur_ruficaudatus,733.5,270.9,2.8654001181793016,2.4328090050331683,Hudson.2013,NA
Lepilemur_ruficaudatus,Primates,Lepilemuridae,Lepilemur_ruficaudatus,738.5,822,2.8683504996479683,2.9148718175400505,Hudson.2013,NA
Lepilemur_ruficaudatus,Primates,Lepilemuridae,Lepilemur_ruficaudatus,513,401.3,2.7101173651118162,2.6034691597338386,Hudson.2013,NA
Lepilemur_ruficaudatus,Primates,Lepilemuridae,Lepilemur_ruficaudatus,470,241.8,2.6720978579357175,2.383456296524753,Hudson.2013,NA
Phascolarctos_cinereus,Diprotodontia,Phascolarctidae,Phascolarctos_cinereus,7100,1284.39,3.8512583487190755,3.1086969155788893,Hudson.2013,NA
Phascolarctos_cinereus,Diprotodontia,Phascolarctidae,Phascolarctos_cinereus,6300,1153.74,3.7993405494535817,3.0621079498184622,Hudson.2013,NA
Phascolarctos_cinereus,Diprotodontia,Phascolarctidae,Phascolarctos_cinereus,9200,1791.92,3.963787827345555,3.253318616746809,Hudson.2013,NA
Phascolarctos_cinereus,Diprotodontia,Phascolarctidae,Phascolarctos_cinereus,8150,1519.865,3.9111576087399764,3.1818050140244862,Hudson.2013,NA
Phascolarctos_cinereus,Diprotodontia,Phascolarctidae,Phascolarctos_cinereus,7100,1815.115,3.8512583487190755,3.258904145781631,Hudson.2013,NA
Phascolarctos_cinereus,Diprotodontia,Phascolarctidae,Phascolarctos_cinereus,6400,1542.4,3.806179973983887,3.1881970165587554,Hudson.2013,NA
Phascolarctos_cinereus,Diprotodontia,Phascolarctidae,Phascolarctos_cinereus,6600,779.46,3.8195439355418688,2.8917938331553836,Hudson.2013,NA
Lasiorhinus_krefftii,Diprotodontia,Vombatidae,Lasiorhinus_krefftii,27398.5,3383.22,4.437726786924222,3.529330239490453,Hudson.2013,NA
Lasiorhinus_krefftii,Diprotodontia,Vombatidae,Lasiorhinus_krefftii,29492,4483.56,4.469704225231061,3.651622985959478,Hudson.2013,NA
Lasiorhinus_krefftii,Diprotodontia,Vombatidae,Lasiorhinus_krefftii,22490.5,3653.72,4.351999110608028,3.562735262470742,Hudson.2013,NA
Lasiorhinus_latifrons,Diprotodontia,Vombatidae,Lasiorhinus_latifrons,23119,6943.805,4.363969044978839,3.8415975162276115,Hudson.2013,NA
Lasiorhinus_latifrons,Diprotodontia,Vombatidae,Lasiorhinus_latifrons,23254,4096.005,4.366497668129632,3.612360478112082,Hudson.2013,NA
Lasiorhinus_latifrons,Diprotodontia,Vombatidae,Lasiorhinus_latifrons,26951.5,6808.93,4.4305829410847,3.833078869386156,Hudson.2013,NA
Vombatus_ursinus,Diprotodontia,Vombatidae,Vombatus_ursinus,34387,7415.31,4.536394288637445,3.870129311598412,Hudson.2013,NA
Vombatus_ursinus,Diprotodontia,Vombatidae,Vombatus_ursinus,33813.5,4067.36,4.529090126459811,3.6093126132932594,Hudson.2013,NA
Vombatus_ursinus,Diprotodontia,Vombatidae,Vombatus_ursinus,35180.5,1841.66,4.546302007540369,3.2652094555279185,Hudson.2013,NA
Vombatus_ursinus,Diprotodontia,Vombatidae,Vombatus_ursinus,38572.75,8752.56,4.586280602497122,3.9421350965955506,Hudson.2013,NA
Vombatus_ursinus,Diprotodontia,Vombatidae,Vombatus_ursinus,28424,4918.3,4.453685194481271,3.691815015734726,Hudson.2013,NA
Vombatus_ursinus,Diprotodontia,Vombatidae,Vombatus_ursinus,33227,10988.56,4.521491131460435,4.040940783867622,Hudson.2013,NA
Vombatus_ursinus,Diprotodontia,Vombatidae,Vombatus_ursinus,25795,9017.04,4.411535532209327,3.955063996229401,Hudson.2013,NA
Petauroides_volans,Diprotodontia,Pseudocheiridae,Petauroides_volans,908,474.88,2.958085848521085,2.6765838792629144,Hudson.2013,NA
Petauroides_volans,Diprotodontia,Pseudocheiridae,Petauroides_volans,1042.5,554.38,3.018076063645795,2.7438075541320446,Hudson.2013,NA
Petauroides_volans,Diprotodontia,Pseudocheiridae,Petauroides_volans,1062.5,620.1,3.026328938722349,2.792461731346951,Hudson.2013,NA
Vulpes_cana,Carnivora,Canidae,Vulpes_cana,1000,670,3,2.8260748027008264,Hudson.2013,NA
Martes_americana,Carnivora,Mustelidae,Martes_americana,685,522,2.8356905714924254,2.717670503002262,Hudson.2013,NA
Martes_americana,Carnivora,Mustelidae,Martes_americana,1350,1220,3.130333768495006,3.0863598306747484,Hudson.2013,NA
Martes_americana,Carnivora,Mustelidae,Martes_americana,790,654,2.8976270912904414,2.815577748324267,Hudson.2013,NA
Martes_americana,Carnivora,Mustelidae,Martes_americana,1030,700,3.012837224705172,2.845098040014257,Hudson.2013,NA
Martes_americana,Carnivora,Mustelidae,Martes_americana,1100,850,3.041392685158225,2.929418925714293,Hudson.2013,NA
Martes_americana,Carnivora,Mustelidae,Martes_americana,1350,910,3.130333768495006,2.9590413923210934,Hudson.2013,NA
Martes_americana,Carnivora,Mustelidae,Martes_americana,698,758,2.843855422623161,2.8796692056320534,Hudson.2013,NA
Martes_americana,Carnivora,Mustelidae,Martes_americana,748,982,2.8739015978644615,2.9921114877869495,Hudson.2013,NA
Rangifer_tarandus,Cetartiodactyla,Cervidae,Rangifer_tarandus,62800,13210,4.7979596437371965,4.120902817614527,Hudson.2013,NA
Rangifer_tarandus,Cetartiodactyla,Cervidae,Rangifer_tarandus,64500,16760,4.8095597146352675,4.224274014294258,Hudson.2013,NA
Rangifer_tarandus,Cetartiodactyla,Cervidae,Rangifer_tarandus,55800,17960,4.746634198937579,4.254306332331286,Hudson.2013,NA
Tachyglossus_aculeatus,Monotremata,Tachyglossidae,Tachyglossus_aculeatus,1820,580.58,3.2600713879850747,2.763862071042256,Hudson.2013,NA
Tachyglossus_aculeatus,Monotremata,Tachyglossidae,Tachyglossus_aculeatus,3200,1088,3.505149978319906,3.036628895362161,Hudson.2013,NA
Tachyglossus_aculeatus,Monotremata,Tachyglossidae,Tachyglossus_aculeatus,3490,973.71,3.5428254269591797,2.9884296302327775,Hudson.2013,NA
Tachyglossus_aculeatus,Monotremata,Tachyglossidae,Tachyglossus_aculeatus,2920,829.28,3.4653828514484184,2.918701191495456,Hudson.2013,NA
Tachyglossus_aculeatus,Monotremata,Tachyglossidae,Tachyglossus_aculeatus,1970,494.47,3.294466226161593,2.694139947642631,Hudson.2013,NA
Tachyglossus_aculeatus,Monotremata,Tachyglossidae,Tachyglossus_aculeatus,4450,222.5,3.6483600109809315,2.3473300153169503,Hudson.2013,NA
Tachyglossus_aculeatus,Monotremata,Tachyglossidae,Tachyglossus_aculeatus,3980,210.94,3.5998830720736876,2.324158941674477,Hudson.2013,NA
Tachyglossus_aculeatus,Monotremata,Tachyglossidae,Tachyglossus_aculeatus,3480,643.8,3.5415792439465807,2.8087509723495945,Hudson.2013,NA
Tachyglossus_aculeatus,Monotremata,Tachyglossidae,Tachyglossus_aculeatus,4370,659.87,3.640481436970422,2.819458384263591,Hudson.2013,NA
Arvicola_amphibius,Rodentia,Cricetidae,Arvicola_amphibius,81.8,139.06,1.912753303671323,2.143202225049597,Hudson.2013,NA
Arvicola_amphibius,Rodentia,Cricetidae,Arvicola_amphibius,60.3,94.671,1.7803173121401512,1.976216964549385,Hudson.2013,NA
Arvicola_amphibius,Rodentia,Cricetidae,Arvicola_amphibius,93,84.816,1.968482948553935,1.9284777868823513,Hudson.2013,NA
Arvicola_amphibius,Rodentia,Cricetidae,Arvicola_amphibius,86.5,92.209,1.9370161074648142,1.9647733121553677,Hudson.2013,NA
Arvicola_amphibius,Rodentia,Cricetidae,Arvicola_amphibius,83.8,121.091,1.9232440186302764,2.0831118657228433,Hudson.2013,NA
Arvicola_amphibius,Rodentia,Cricetidae,Arvicola_amphibius,97.4,172.9824,1.9885589568786155,2.238001918321198,Hudson.2013,NA
Arvicola_amphibius,Rodentia,Cricetidae,Arvicola_amphibius,82.19999999999999,171.0582,1.9148718175400503,2.2331438977516775,Hudson.2013,NA
Arvicola_amphibius,Rodentia,Cricetidae,Arvicola_amphibius,102.3,195.2907,2.00987563371216,2.290681562105827,Hudson.2013,NA
Arvicola_amphibius,Rodentia,Cricetidae,Arvicola_amphibius,79.10000000000001,160.0984,1.8981764834976766,2.204386991665438,Hudson.2013,NA
Arvicola_amphibius,Rodentia,Cricetidae,Arvicola_amphibius,75.5,144.7335,1.8779469516291882,2.160569064507251,Hudson.2013,NA
Cervus_elaphus,Cetartiodactyla,Cervidae,Cervus_elaphus,104500,28090,5.019116290447073,4.448551739201578,Hudson.2013,NA
Cavia_magna,Rodentia,Caviidae,Cavia_magna,405,486.7,2.6074550232146687,2.687261346243506,Hudson.2013,NA
Cavia_magna,Rodentia,Caviidae,Cavia_magna,466,398.8,2.66838591669,2.600755149639618,Hudson.2013,NA
Cavia_magna,Rodentia,Caviidae,Cavia_magna,385,296.3,2.5854607295085006,2.471731651480051,Hudson.2013,NA
Cavia_magna,Rodentia,Caviidae,Cavia_magna,362,436,2.558708570533166,2.639486489268586,Hudson.2013,NA
Cavia_magna,Rodentia,Caviidae,Cavia_magna,428,247.7,2.6314437690131722,2.3939260065858368,Hudson.2013,NA
Cavia_magna,Rodentia,Caviidae,Cavia_magna,446,291.8,2.649334858712142,2.4650852875574327,Hudson.2013,NA
Cavia_magna,Rodentia,Caviidae,Cavia_magna,410,278.7,2.6127838567197355,2.445136968713304,Hudson.2013,NA
Cavia_magna,Rodentia,Caviidae,Cavia_magna,467,322.6,2.6693168805661123,2.508664363052943,Hudson.2013,NA
Cavia_magna,Rodentia,Caviidae,Cavia_magna,546,592.9,2.7371926427047373,2.7729814503449637,Hudson.2013,NA
Cavia_magna,Rodentia,Caviidae,Cavia_magna,687,511.8,2.8369567370595505,2.7091002815511667,Hudson.2013,NA
Cavia_magna,Rodentia,Caviidae,Cavia_magna,411,356.5,2.6138418218760693,2.5520595341878844,Hudson.2013,NA
Cavia_magna,Rodentia,Caviidae,Cavia_magna,400,323.8,2.6020599913279625,2.510276844417355,Hudson.2013,NA
Cavia_magna,Rodentia,Caviidae,Cavia_magna,366,234.7,2.5634810853944106,2.3705130895985924,Hudson.2013,NA
Cavia_magna,Rodentia,Caviidae,Cavia_magna,679,655,2.8318697742805017,2.816241299991783,Hudson.2013,NA
Cavia_magna,Rodentia,Caviidae,Cavia_magna,550,455.5,2.7403626894942437,2.658488381309017,Hudson.2013,NA
Cavia_magna,Rodentia,Caviidae,Cavia_magna,485,583.9,2.6857417386022635,2.7663384752512874,Hudson.2013,NA
Cavia_magna,Rodentia,Caviidae,Cavia_magna,620,556.4,2.792391689498254,2.7453871213200087,Hudson.2013,NA
Cavia_magna,Rodentia,Caviidae,Cavia_magna,679,795.4,2.8318697742805017,2.9005855866499615,Hudson.2013,NA
Cavia_magna,Rodentia,Caviidae,Cavia_magna,588,507.6,2.7693773260761385,2.7055216134226674,Hudson.2013,NA
Cavia_magna,Rodentia,Caviidae,Cavia_magna,560,409.5,2.7481880270062002,2.6122539060964374,Hudson.2013,NA
Petrogale_lateralis,Diprotodontia,Macropodidae,Petrogale_lateralis,2205,610,3.3434085938038574,2.785329835010767,Hudson.2013,NA
Phascolarctos_cinereus,Diprotodontia,Phascolarctidae,Phascolarctos_cinereus,10400,1804.6912,4.017033339298781,3.256402900641054,Hudson.2013,NA
Phascolarctos_cinereus,Diprotodontia,Phascolarctidae,Phascolarctos_cinereus,10100,2045.03184,4.004321373782642,3.310700074117765,Hudson.2013,NA
Phascolarctos_cinereus,Diprotodontia,Phascolarctidae,Phascolarctos_cinereus,11666.66667,2219.27488,4.066946789754697,3.3462110973981782,Hudson.2013,NA
Phascolarctos_cinereus,Diprotodontia,Phascolarctidae,Phascolarctos_cinereus,7833.333333,2551.6464,3.8939466075335933,3.4068204909077773,Hudson.2013,NA
Alouatta_palliata,Primates,Atelidae,Alouatta_palliata,6250,2531.25,3.7958800173440754,3.4033350405587437,Hudson.2013,NA
Alouatta_palliata,Primates,Atelidae,Alouatta_palliata,6700,1922.9,3.8260748027008264,3.283956699434819,Hudson.2013,NA
Alouatta_palliata,Primates,Atelidae,Alouatta_palliata,3200,1110.4,3.505149978319906,3.04547945311078,Hudson.2013,NA
Alouatta_palliata,Primates,Atelidae,Alouatta_palliata,9430,3291.07,3.9745116927373285,3.517337119696508,Hudson.2013,NA
Alouatta_palliata,Primates,Atelidae,Alouatta_palliata,7400,2449.4,3.8692317197309762,3.389059713506695,Hudson.2013,NA
Bradypus_variegatus,Pilosa,Bradypodidae,Bradypus_variegatus,3993.333333,586.0666667,3.6013355632973787,2.767947021023438,Hudson.2013,NA
Bradypus_variegatus,Pilosa,Bradypodidae,Bradypus_variegatus,4216.666667,489.05,3.6249692708265058,2.6893532632422525,Hudson.2013,NA
Bradypus_variegatus,Pilosa,Bradypodidae,Bradypus_variegatus,4400,721.6,3.6434526764861874,2.8582965245338854,Hudson.2013,NA
Petaurus_breviceps,Diprotodontia,Petauridae,Petaurus_breviceps,110,187,2.041392685158225,2.271841606536499,Hudson.2013,NA
Petaurus_breviceps,Diprotodontia,Petauridae,Petaurus_breviceps,98,144,1.9912260756924949,2.1583624920952498,Hudson.2013,NA
Petaurus_breviceps,Diprotodontia,Petauridae,Petaurus_breviceps,104,171,2.0170333392987803,2.2329961103921536,Hudson.2013,NA
Petaurus_breviceps,Diprotodontia,Petauridae,Petaurus_breviceps,121,139,2.0827853703164503,2.143014800254095,Hudson.2013,NA
Petaurus_breviceps,Diprotodontia,Petauridae,Petaurus_breviceps,116,151,2.0644579892269186,2.1789769472931693,Hudson.2013,NA
Petaurus_breviceps,Diprotodontia,Petauridae,Petaurus_breviceps,163,208,2.2121876044039577,2.3180633349627615,Hudson.2013,NA
Petaurus_breviceps,Diprotodontia,Petauridae,Petaurus_breviceps,121,169,2.0827853703164503,2.2278867046136734,Hudson.2013,NA
Petaurus_breviceps,Diprotodontia,Petauridae,Petaurus_breviceps,108,147,2.03342375548695,2.167317334748176,Hudson.2013,NA
Petaurus_breviceps,Diprotodontia,Petauridae,Petaurus_breviceps,138,196,2.1398790864012365,2.292256071356476,Hudson.2013,NA
Petaurus_breviceps,Diprotodontia,Petauridae,Petaurus_breviceps,130,212,2.113943352306837,2.326335860928751,Hudson.2013,NA
Petaurus_breviceps,Diprotodontia,Petauridae,Petaurus_breviceps,126,125,2.100370545117563,2.0969100130080562,Hudson.2013,NA
Sminthopsis_crassicaudata,Dasyuromorphia,Dasyuridae,Sminthopsis_crassicaudata,16.400000000000002,88.3,1.214843848047698,1.9459607035775686,Hudson.2013,NA
Sminthopsis_crassicaudata,Dasyuromorphia,Dasyuridae,Sminthopsis_crassicaudata,18,74.1,1.255272505103306,1.8698182079793282,Hudson.2013,NA
Sminthopsis_crassicaudata,Dasyuromorphia,Dasyuridae,Sminthopsis_crassicaudata,14.8,71.8,1.1702617153949575,1.8561244442423004,Hudson.2013,NA
Sminthopsis_crassicaudata,Dasyuromorphia,Dasyuridae,Sminthopsis_crassicaudata,16.8,64.7,1.2253092817258628,1.8109042806687004,Hudson.2013,NA
Sminthopsis_crassicaudata,Dasyuromorphia,Dasyuridae,Sminthopsis_crassicaudata,16.400000000000002,74.45,1.214843848047698,1.8718647020881949,Hudson.2013,NA
Sminthopsis_crassicaudata,Dasyuromorphia,Dasyuridae,Sminthopsis_crassicaudata,18.700000000000003,80.7,1.271841606536499,1.9068735347220704,Hudson.2013,NA
Sminthopsis_crassicaudata,Dasyuromorphia,Dasyuridae,Sminthopsis_crassicaudata,16.5,58.9,1.2174839442139063,1.7701152947871017,Hudson.2013,NA
Sminthopsis_crassicaudata,Dasyuromorphia,Dasyuridae,Sminthopsis_crassicaudata,16.299999999999997,33.6,1.2121876044039577,1.526339277389844,Hudson.2013,NA
Sminthopsis_crassicaudata,Dasyuromorphia,Dasyuridae,Sminthopsis_crassicaudata,15.8,56.1,1.1986570869544226,1.7489628612561614,Hudson.2013,NA
Macropus_eugenii,Diprotodontia,Macropodidae,Macropus_eugenii,5290,1390,3.7234556720351857,3.143014800254095,Hudson.2013,NA
Macropus_eugenii,Diprotodontia,Macropodidae,Macropus_eugenii,5730,1270,3.75815462196739,3.103803720955957,Hudson.2013,NA
Macropus_eugenii,Diprotodontia,Macropodidae,Macropus_eugenii,3405,994,3.532117116248804,2.997386384397313,Hudson.2013,NA
Macropus_eugenii,Diprotodontia,Macropodidae,Macropus_eugenii,6350,1530,3.8027737252919755,3.184691430817599,Hudson.2013,NA
Setonix_brachyurus,Diprotodontia,Macropodidae,Setonix_brachyurus,1500,451,3.1760912590556813,2.6541765418779604,Hudson.2013,NA
Setonix_brachyurus,Diprotodontia,Macropodidae,Setonix_brachyurus,2830,445,3.45178643552429,2.6483600109809315,Hudson.2013,NA
Setonix_brachyurus,Diprotodontia,Macropodidae,Setonix_brachyurus,1610,629,3.2068258760318495,2.798650645445269,Hudson.2013,NA
Setonix_brachyurus,Diprotodontia,Macropodidae,Setonix_brachyurus,2225,718.5,3.3473300153169503,2.8564267724702446,Hudson.2013,NA
Macropus_giganteus,Diprotodontia,Macropodidae,Macropus_giganteus,27000,5610,4.431363764158987,3.7489628612561616,Hudson.2013,NA
Macropus_giganteus,Diprotodontia,Macropodidae,Macropus_giganteus,60800,10730,4.783903579272735,4.0305997219659515,Hudson.2013,NA
Odocoileus_hemionus,Cetartiodactyla,Cervidae,Odocoileus_hemionus,67100,41500,4.8267225201689925,4.6180480967120925,Hudson.2013,NA
Odocoileus_hemionus,Cetartiodactyla,Cervidae,Odocoileus_hemionus,32200.000000000004,15900,4.507855871695831,4.201397124320452,Hudson.2013,NA
Odocoileus_hemionus,Cetartiodactyla,Cervidae,Odocoileus_hemionus,38350,21300,4.5837653682849995,4.328379603438738,Hudson.2013,NA
Odocoileus_hemionus,Cetartiodactyla,Cervidae,Odocoileus_hemionus,43100,37100,4.6344772701607315,4.569373909615046,Hudson.2013,NA
Odocoileus_hemionus,Cetartiodactyla,Cervidae,Odocoileus_hemionus,48900,23650,4.68930885912362,4.37383114507383,Hudson.2013,NA
Thylogale_billardierii,Diprotodontia,Macropodidae,Thylogale_billardierii,9645,2550,3.9843022319799033,3.406540180433955,Hudson.2013,NA
Thylogale_billardierii,Diprotodontia,Macropodidae,Thylogale_billardierii,4635,1122,3.666049738480516,3.0499928569201424,Hudson.2013,NA
Thylogale_billardierii,Diprotodontia,Macropodidae,Thylogale_billardierii,3430,1080,3.5352941200427703,3.03342375548695,Hudson.2013,NA
Thylogale_billardierii,Diprotodontia,Macropodidae,Thylogale_billardierii,6360,1765,3.803457115648414,3.2467447097238415,Hudson.2013,NA
Isoodon_obesulus,Peramelemorphia,Peramelidae,Isoodon_obesulus,775,655,2.88930170250631,2.816241299991783,Hudson.2013,NA
Isoodon_obesulus,Peramelemorphia,Peramelidae,Isoodon_obesulus,1137.5,516,3.05595140532915,2.7126497016272113,Hudson.2013,NA
Isoodon_obesulus,Peramelemorphia,Peramelidae,Isoodon_obesulus,1460,594.5,3.164352855784437,2.7741518589547103,Hudson.2013,NA
Isoodon_obesulus,Peramelemorphia,Peramelidae,Isoodon_obesulus,1110,569.6666667,3.0453229787866576,2.7556208080264866,Hudson.2013,NA
Isoodon_obesulus,Peramelemorphia,Peramelidae,Isoodon_obesulus,1825,1080,3.2612628687924934,3.03342375548695,Hudson.2013,NA
Isoodon_obesulus,Peramelemorphia,Peramelidae,Isoodon_obesulus,835,381,2.921686475483602,2.5809249756756194,Hudson.2013,NA
Isoodon_obesulus,Peramelemorphia,Peramelidae,Isoodon_obesulus,1362.5,924,3.13433651094868,2.9656719712201065,Hudson.2013,NA
Isoodon_obesulus,Peramelemorphia,Peramelidae,Isoodon_obesulus,1300,478,3.113943352306837,2.6794278966121188,Hudson.2013,NA
Tarsipes_rostratus,Diprotodontia,Tarsipedidae,Tarsipes_rostratus,17.75,31.2,1.249198357391113,1.4941545940184429,Hudson.2013,NA
Tarsipes_rostratus,Diprotodontia,Tarsipedidae,Tarsipes_rostratus,14.9,41.4,1.173186268412274,1.6170003411208989,Hudson.2013,NA
Tarsipes_rostratus,Diprotodontia,Tarsipedidae,Tarsipes_rostratus,12.7,51.6,1.1038037209559568,1.7126497016272113,Hudson.2013,NA
Tarsipes_rostratus,Diprotodontia,Tarsipedidae,Tarsipes_rostratus,9.5,38.6,0.9777236052888477,1.586587304671755,Hudson.2013,NA
Tarsipes_rostratus,Diprotodontia,Tarsipedidae,Tarsipes_rostratus,10.5,30.4,1.021189299069938,1.4828735836087537,Hudson.2013,NA
Tarsipes_rostratus,Diprotodontia,Tarsipedidae,Tarsipes_rostratus,5.275,25.75,0.7222224639697303,1.4107772333772097,Hudson.2013,NA
Tarsipes_rostratus,Diprotodontia,Tarsipedidae,Tarsipes_rostratus,6.45,35.4,0.8095597146352678,1.5490032620257879,Hudson.2013,NA
Tarsipes_rostratus,Diprotodontia,Tarsipedidae,Tarsipes_rostratus,10.05,34.25,1.0021660617565078,1.5346605758284444,Hudson.2013,NA
Tarsipes_rostratus,Diprotodontia,Tarsipedidae,Tarsipes_rostratus,8.05,46.6,0.9057958803678685,1.6683859166900001,Hudson.2013,NA
Tarsipes_rostratus,Diprotodontia,Tarsipedidae,Tarsipes_rostratus,9.9,51.8,0.9956351945975499,1.714329759745233,Hudson.2013,NA
Tarsipes_rostratus,Diprotodontia,Tarsipedidae,Tarsipes_rostratus,7.35,41.2,0.8662873390841949,1.6148972160331345,Hudson.2013,NA
Sorex_araneus,Eulipotyphla,Soricidae,Sorex_araneus,7.6899999999999995,49.58,0.885926339801431,1.6953065224318027,Hudson.2013,NA
Sorex_araneus,Eulipotyphla,Soricidae,Sorex_araneus,7.39,58.38,0.8686444383948257,1.7662640906519955,Hudson.2013,NA
Sorex_araneus,Eulipotyphla,Soricidae,Sorex_araneus,8.200000000000001,45.73,0.9138138523837167,1.660201201380682,Hudson.2013,NA
Sorex_araneus,Eulipotyphla,Soricidae,Sorex_araneus,9.350000000000001,69.44,0.9708116108725179,1.8416097121684354,Hudson.2013,NA
Sorex_araneus,Eulipotyphla,Soricidae,Sorex_araneus,9.15,62.43,0.9614210940664483,1.7953933349312894,Hudson.2013,NA
Sorex_araneus,Eulipotyphla,Soricidae,Sorex_araneus,7.4799999999999995,43.36,0.8739015978644613,1.6370892735303304,Hudson.2013,NA
Sorex_araneus,Eulipotyphla,Soricidae,Sorex_araneus,7.85,54.52,0.8948696567452525,1.736555847162636,Hudson.2013,NA
Sorex_araneus,Eulipotyphla,Soricidae,Sorex_araneus,8.58,61.71,0.9334872878487055,1.7903555464143865,Hudson.2013,NA
Sorex_araneus,Eulipotyphla,Soricidae,Sorex_araneus,8.45,57.73,0.9268567089496923,1.761401557498631,Hudson.2013,NA
Sorex_araneus,Eulipotyphla,Soricidae,Sorex_araneus,9.05,51.11,0.9566485792052033,1.708505880955237,Hudson.2013,NA
Lemmus_sibiricus,Rodentia,Cricetidae,Lemmus_sibiricus,62,191.026,1.792391689498254,2.2810924818448854,Hudson.2013,NA
Lemmus_sibiricus,Rodentia,Cricetidae,Lemmus_sibiricus,52,221.122,1.7160033436347992,2.344631953810221,Hudson.2013,NA
Lemmus_sibiricus,Rodentia,Cricetidae,Lemmus_sibiricus,51,190.19,1.7075701760979363,2.2791876784321476,Hudson.2013,NA
Pongo_pygmaeus,Primates,Hominidae,Pongo_pygmaeus,116600,8579.45,5.066698550422995,3.9334594475665137,Hudson.2013,NA
Pongo_pygmaeus,Primates,Hominidae,Pongo_pygmaeus,53200,6562.6,4.725911632295048,3.817075934184269,Hudson.2013,NA
Pongo_pygmaeus,Primates,Hominidae,Pongo_pygmaeus,25500,5245.9,4.4065401804339555,3.719820007592092,Hudson.2013,NA
Petaurus_breviceps,Diprotodontia,Petauridae,Petaurus_breviceps,112,119,2.0492180226701815,2.0755469613925306,Hudson.2013,NA
Petaurus_breviceps,Diprotodontia,Petauridae,Petaurus_breviceps,132,162,2.12057393120585,2.2095150145426308,Hudson.2013,NA
Petaurus_breviceps,Diprotodontia,Petauridae,Petaurus_breviceps,105,127,2.0211892990699383,2.103803720955957,Hudson.2013,NA
Petaurus_breviceps,Diprotodontia,Petauridae,Petaurus_breviceps,120,187,2.0791812460476247,2.271841606536499,Hudson.2013,NA
Petaurus_breviceps,Diprotodontia,Petauridae,Petaurus_breviceps,92,117,1.9637878273455553,2.0681858617461617,Hudson.2013,NA
Petaurus_breviceps,Diprotodontia,Petauridae,Petaurus_breviceps,93,177,1.968482948553935,2.247973266361807,Hudson.2013,NA
Petaurus_breviceps,Diprotodontia,Petauridae,Petaurus_breviceps,148,176,2.1702617153949575,2.24551266781415,Hudson.2013,NA
Petaurus_breviceps,Diprotodontia,Petauridae,Petaurus_breviceps,144,120,2.1583624920952498,2.0791812460476247,Hudson.2013,NA
Petaurus_breviceps,Diprotodontia,Petauridae,Petaurus_breviceps,130,177,2.113943352306837,2.247973266361807,Hudson.2013,NA
Petaurus_breviceps,Diprotodontia,Petauridae,Petaurus_breviceps,114,245,2.0569048513364727,2.3891660843645326,Hudson.2013,NA
Petaurus_breviceps,Diprotodontia,Petauridae,Petaurus_breviceps,123,107,2.089905111439398,2.0293837776852097,Hudson.2013,NA
Peromyscus_leucopus,Rodentia,Cricetidae,Peromyscus_leucopus,21.15,38.965542,1.325310371711061,1.590680721534321,Hudson.2013,NA
Peromyscus_leucopus,Rodentia,Cricetidae,Peromyscus_leucopus,18.599999999999998,28.611264,1.2695129442179163,1.4565370446664692,Hudson.2013,NA
Peromyscus_leucopus,Rodentia,Cricetidae,Peromyscus_leucopus,16.6,38.371564,1.2201080880400552,1.5840095011197886,Hudson.2013,NA
Tamias_striatus,Rodentia,Sciuridae,Tamias_striatus,98.8,136.697704,1.994756944587628,2.135761220138382,Hudson.2013,NA
Tamias_striatus,Rodentia,Sciuridae,Tamias_striatus,100.6,164.839136,2.0025979807199086,2.217060329515401,Hudson.2013,NA
Tamias_striatus,Rodentia,Sciuridae,Tamias_striatus,89.39999999999999,128.550048,1.9513375187959177,2.109072243142483,Hudson.2013,NA
Lama_guanicoe,Cetartiodactyla,Camelidae,Lama_glama,44500,14570,4.648360010980932,4.16345955176999,Hudson.2013,NA
Lama_guanicoe,Cetartiodactyla,Camelidae,Lama_glama,56000,15260,4.748188027006201,4.183554533618862,Hudson.2013,NA
Lama_guanicoe,Cetartiodactyla,Camelidae,Lama_glama,50500,11600,4.703291378118661,4.064457989226918,Hudson.2013,NA
Microcebus_murinus,Primates,Cheirogaleidae,Microcebus_murinus,47,97.33,1.6720978579357175,1.9882467233753784,Hudson.2013,NA
Microcebus_murinus,Primates,Cheirogaleidae,Microcebus_murinus,86,88.83,1.9344984512435677,1.9485596621089616,Hudson.2013,NA
Microcebus_murinus,Primates,Cheirogaleidae,Microcebus_murinus,98,150.67,1.9912260756924949,2.178026788270433,Hudson.2013,NA
Microcebus_murinus,Primates,Cheirogaleidae,Microcebus_murinus,66.5,111.94,1.8228216453031045,2.048985302570711,Hudson.2013,NA
Microcebus_murinus,Primates,Cheirogaleidae,Microcebus_murinus,57,102.21,1.7558748556724915,2.00949338828754,Hudson.2013,NA
Microcebus_murinus,Primates,Cheirogaleidae,Microcebus_murinus,97.5,50.49,1.9890046156985368,1.7032053706954864,Hudson.2013,NA
Microcebus_murinus,Primates,Cheirogaleidae,Microcebus_murinus,84.5,75.02,1.9268567089496924,1.875177059814704,Hudson.2013,NA
Microcebus_murinus,Primates,Cheirogaleidae,Microcebus_murinus,72,81.45,1.8573324964312685,1.9108910886445283,Hudson.2013,NA
Microcebus_murinus,Primates,Cheirogaleidae,Microcebus_murinus,72.5,139.49,1.8603380065709938,2.144543074272788,Hudson.2013,NA
Microcebus_murinus,Primates,Cheirogaleidae,Microcebus_murinus,79,128.25,1.8976270912904414,2.1080573737838537,Hudson.2013,NA
Microcebus_murinus,Primates,Cheirogaleidae,Microcebus_murinus,75,106.02,1.8750612633917,2.0253877998904075,Hudson.2013,NA
Microcebus_murinus,Primates,Cheirogaleidae,Microcebus_murinus,48.5,134.46,1.6857417386022637,2.128593106918705,Hudson.2013,NA
Microcebus_murinus,Primates,Cheirogaleidae,Microcebus_murinus,63.8,207.35,1.8048206787211623,2.3167040397000367,Hudson.2013,NA
Microcebus_murinus,Primates,Cheirogaleidae,Microcebus_murinus,54.300000000000004,97.08,1.734799829588847,1.9871297676598971,Hudson.2013,NA
Microcebus_murinus,Primates,Cheirogaleidae,Microcebus_murinus,67,60.02,1.8260748027008264,1.7782959910888338,Hudson.2013,NA
Microcebus_murinus,Primates,Cheirogaleidae,Microcebus_murinus,60,138.37,1.7781512503836436,2.1410419409390493,Hudson.2013,NA
Microcebus_murinus,Primates,Cheirogaleidae,Microcebus_murinus,55,28.46,1.7403626894942439,1.4542348957482656,Hudson.2013,NA
Microcebus_murinus,Primates,Cheirogaleidae,Microcebus_murinus,61,166.5,1.7853298350107671,2.2214142378423385,Hudson.2013,NA
Microcebus_murinus,Primates,Cheirogaleidae,Microcebus_murinus,59,85.37,1.7708520116421442,1.9313052814216733,Hudson.2013,NA
Microcebus_murinus,Primates,Cheirogaleidae,Microcebus_murinus,43.5,86.78,1.6384892569546374,1.938419645793193,Hudson.2013,NA
Microcebus_murinus,Primates,Cheirogaleidae,Microcebus_murinus,55.5,149.4,1.7442929831226763,2.17435059747938,Hudson.2013,NA
Microcebus_murinus,Primates,Cheirogaleidae,Microcebus_murinus,63,103.03,1.7993405494535817,2.012963699825778,Hudson.2013,NA
Microcebus_murinus,Primates,Cheirogaleidae,Microcebus_murinus,38.5,86.5,1.5854607295085006,1.9370161074648142,Hudson.2013,NA
Microcebus_murinus,Primates,Cheirogaleidae,Microcebus_murinus,70,129.13,1.845098040014257,2.1110271510261747,Hudson.2013,NA
Microcebus_murinus,Primates,Cheirogaleidae,Microcebus_murinus,54,120.37,1.7323937598229686,2.0805182605271177,Hudson.2013,NA
Microcebus_murinus,Primates,Cheirogaleidae,Microcebus_murinus,63,118.94,1.7993405494535817,2.0753279341632584,Hudson.2013,NA
Microcebus_murinus,Primates,Cheirogaleidae,Microcebus_murinus,46.800000000000004,49.63,1.670245853074124,1.6957442751973233,Hudson.2013,NA
Microcebus_murinus,Primates,Cheirogaleidae,Microcebus_murinus,48.5,59.79,1.6857417386022637,1.77662855342015,Hudson.2013,NA
Microcebus_murinus,Primates,Cheirogaleidae,Microcebus_murinus,51,63.46,1.7075701760979363,1.8025000677643934,Hudson.2013,NA
Microcebus_murinus,Primates,Cheirogaleidae,Microcebus_murinus,50.5,71.81,1.7032913781186614,1.8561849267271697,Hudson.2013,NA
Microcebus_murinus,Primates,Cheirogaleidae,Microcebus_murinus,75,68.7,1.8750612633917,1.8369567370595505,Hudson.2013,NA
Microcebus_murinus,Primates,Cheirogaleidae,Microcebus_murinus,42.8,79.06,1.631443769013172,1.897956810006952,Hudson.2013,NA
Microcebus_murinus,Primates,Cheirogaleidae,Microcebus_murinus,63,56.35,1.7993405494535817,1.7508939203821254,Hudson.2013,NA
Microcebus_murinus,Primates,Cheirogaleidae,Microcebus_murinus,50,76.42,1.6989700043360187,1.88320703335239,Hudson.2013,NA
Microcebus_murinus,Primates,Cheirogaleidae,Microcebus_murinus,60.5,41.67,1.7817553746524688,1.619823500457278,Hudson.2013,NA
Microcebus_murinus,Primates,Cheirogaleidae,Microcebus_murinus,64,64.88,1.806179973983887,1.8121108412030995,Hudson.2013,NA
Microcebus_murinus,Primates,Cheirogaleidae,Microcebus_murinus,71,94.61,1.8512583487190752,1.9759370424831106,Hudson.2013,NA
Microcebus_murinus,Primates,Cheirogaleidae,Microcebus_murinus,64.8,74.26,1.8115750058705933,1.8707549448901402,Hudson.2013,NA
Microcebus_murinus,Primates,Cheirogaleidae,Microcebus_murinus,51,53.92,1.7075701760979363,1.7317498835272633,Hudson.2013,NA
Microcebus_murinus,Primates,Cheirogaleidae,Microcebus_murinus,51.5,47.9,1.711807229041191,1.6803355134145632,Hudson.2013,NA
Microcebus_murinus,Primates,Cheirogaleidae,Microcebus_murinus,65.5,53.45,1.816241299991783,1.7279477095447968,Hudson.2013,NA
Tachyglossus_aculeatus,Monotremata,Tachyglossidae,Tachyglossus_aculeatus,3780,766,3.5774917998372255,2.884228769632604,Hudson.2013,NA
Tachyglossus_aculeatus,Monotremata,Tachyglossidae,Tachyglossus_aculeatus,2690,645,3.429752280002408,2.8095597146352675,Hudson.2013,NA
Tachyglossus_aculeatus,Monotremata,Tachyglossidae,Tachyglossus_aculeatus,2965,720,3.4720246977002813,2.8573324964312685,Hudson.2013,NA
Tachyglossus_aculeatus,Monotremata,Tachyglossidae,Tachyglossus_aculeatus,2715,581,3.433769833924866,2.7641761323903307,Hudson.2013,NA
Eremitalpa_granti,Afrosoricida,Chrysochloridae,Eremitalpa_granti,19.400000000000002,9.52,1.287801729930226,0.9786369483844743,Hudson.2013,NA
Eremitalpa_granti,Afrosoricida,Chrysochloridae,Eremitalpa_granti,23.2,14.45,1.3654879848908996,1.1598678470925667,Hudson.2013,NA
Eremitalpa_granti,Afrosoricida,Chrysochloridae,Eremitalpa_granti,26.1,9.19,1.416640507338281,0.9633155113861113,Hudson.2013,NA
Eremitalpa_granti,Afrosoricida,Chrysochloridae,Eremitalpa_granti,15.8,8.21,1.1986570869544226,0.9143431571194408,Hudson.2013,NA
Eremitalpa_granti,Afrosoricida,Chrysochloridae,Eremitalpa_granti,22.5,15.71,1.3521825181113625,1.1961761850399732,Hudson.2013,NA
Eremitalpa_granti,Afrosoricida,Chrysochloridae,Eremitalpa_granti,21.4,15.3,1.3304137733491908,1.1846914308175989,Hudson.2013,NA
Eremitalpa_granti,Afrosoricida,Chrysochloridae,Eremitalpa_granti,18.700000000000003,11.49,1.271841606536499,1.0603200286882852,Hudson.2013,NA
Eremitalpa_granti,Afrosoricida,Chrysochloridae,Eremitalpa_granti,21.2,12.08,1.3263358609287514,1.082066934285113,Hudson.2013,NA
Eremitalpa_granti,Afrosoricida,Chrysochloridae,Eremitalpa_granti,23.599999999999998,12.22,1.3729120029701065,1.0870712059065355,Hudson.2013,NA
Eremitalpa_granti,Afrosoricida,Chrysochloridae,Eremitalpa_granti,17.9,9.84,1.252853030979893,0.9929950984313415,Hudson.2013,NA
Eremitalpa_granti,Afrosoricida,Chrysochloridae,Eremitalpa_granti,17.7,19.13,1.2479732663618066,1.2817149700272958,Hudson.2013,NA
Lepus_americanus,Lagomorpha,Leporidae,Lepus_americanus,1300,777,3.113943352306837,2.890421018800914,Hudson.2013,NA
Lepus_americanus,Lagomorpha,Leporidae,Lepus_americanus,1700,1010,3.230448921378274,3.0043213737826426,Hudson.2013,NA
Lepus_americanus,Lagomorpha,Leporidae,Lepus_americanus,1260,1060,3.100370545117563,3.0253058652647704,Hudson.2013,NA
Lepus_americanus,Lagomorpha,Leporidae,Lepus_americanus,1320,1180,3.12057393120585,3.0718820073061255,Hudson.2013,NA
Lepus_americanus,Lagomorpha,Leporidae,Lepus_americanus,1530,1190,3.184691430817599,3.0755469613925306,Hudson.2013,NA
Lepus_americanus,Lagomorpha,Leporidae,Lepus_americanus,1080,841,3.03342375548695,2.924795995797912,Hudson.2013,NA
Lepus_americanus,Lagomorpha,Leporidae,Lepus_americanus,1290,915,3.110589710299249,2.9614210940664485,Hudson.2013,NA
Eulemur_fulvus,Primates,Lemuridae,Eulemur_fulvus,1688,611,3.2273724422896364,2.786041210242554,Hudson.2013,NA
Eulemur_fulvus,Primates,Lemuridae,Eulemur_fulvus,2172,700,3.336859820916809,2.845098040014257,Hudson.2013,NA
Eulemur_fulvus,Primates,Lemuridae,Eulemur_fulvus,1966,622,3.2935835134961167,2.7937903846908188,Hudson.2013,NA
Eulemur_fulvus,Primates,Lemuridae,Eulemur_fulvus,2037.9999999999998,528,3.3092041796704077,2.722633922533812,Hudson.2013,NA
Eulemur_fulvus,Primates,Lemuridae,Eulemur_fulvus,1806,540,3.256717745977487,2.7323937598229686,Hudson.2013,NA
Eulemur_fulvus,Primates,Lemuridae,Eulemur_fulvus,1806,477,3.256717745977487,2.678518379040114,Hudson.2013,NA
Eulemur_fulvus,Primates,Lemuridae,Eulemur_fulvus,1110,434,3.0453229787866576,2.637489729512511,Hudson.2013,NA
Eulemur_fulvus,Primates,Lemuridae,Eulemur_fulvus,1762,695,3.246005904076029,2.8419848045901137,Hudson.2013,NA
Eulemur_fulvus,Primates,Lemuridae,Eulemur_fulvus,2166,791,3.3356584522893016,2.8981764834976764,Hudson.2013,NA
Lemur_catta,Primates,Lemuridae,Lemur_catta,1770,460,3.247973266361807,2.662757831681574,Hudson.2013,NA
Lemur_catta,Primates,Lemuridae,Lemur_catta,2088,592,3.3197304943302246,2.77232170672292,Hudson.2013,NA
Lemur_catta,Primates,Lemuridae,Lemur_catta,2206,859,3.343605508104172,2.9339931638312424,Hudson.2013,NA
Lemur_catta,Primates,Lemuridae,Lemur_catta,2122,680,3.3267453795653217,2.832508912706236,Hudson.2013,NA
Lemur_catta,Primates,Lemuridae,Lemur_catta,2410,440,3.3820170425748683,2.6434526764861874,Hudson.2013,NA
Lemur_catta,Primates,Lemuridae,Lemur_catta,2438,635,3.387033701282363,2.8027737252919755,Hudson.2013,NA
Lemur_catta,Primates,Lemuridae,Lemur_catta,2504,497,3.398634324538392,2.696356388733332,Hudson.2013,NA
Lemur_catta,Primates,Lemuridae,Lemur_catta,2380,736,3.376576957056512,2.866877814337499,Hudson.2013,NA
Lemur_catta,Primates,Lemuridae,Lemur_catta,2037.9999999999998,532,3.3092041796704077,2.7259116322950483,Hudson.2013,NA
Lemur_catta,Primates,Lemuridae,Lemur_catta,2646,771,3.422589839851482,2.8870543780509568,Hudson.2013,NA
Aepyprymnus_rufescens,Diprotodontia,Potoroidae,Aepyprymnus_rufescens,2700,1541.7,3.4313637641589874,3.1879998724048355,Hudson.2013,NA
Aepyprymnus_rufescens,Diprotodontia,Potoroidae,Aepyprymnus_rufescens,2900,2044.5,3.462397997898956,3.310587114890355,Hudson.2013,NA
Aepyprymnus_rufescens,Diprotodontia,Potoroidae,Aepyprymnus_rufescens,3100,1478.7,3.4913616938342726,3.1698800728743866,Hudson.2013,NA
Aepyprymnus_rufescens,Diprotodontia,Potoroidae,Aepyprymnus_rufescens,2940,1170.6,3.4683473304121573,3.0684085197781616,Hudson.2013,NA
Proteles_cristata,Carnivora,Hyaenidae,Proteles_cristata,7678.3333330000005,3068.8,3.8852669618501823,3.4869685854905694,Hudson.2013,NA
Proteles_cristata,Carnivora,Hyaenidae,Proteles_cristata,7817.5,2287.7,3.893067889914971,3.3593990721808864,Hudson.2013,NA
Proteles_cristata,Carnivora,Hyaenidae,Proteles_cristata,9453.714286,2605.957143,3.9756024727406793,3.415967269123435,Hudson.2013,NA
Proteles_cristata,Carnivora,Hyaenidae,Proteles_cristata,8045,1550.733333,3.9055260484350485,3.190537122143934,Hudson.2013,NA
Proteles_cristata,Carnivora,Hyaenidae,Proteles_cristata,7275,1894.35,3.861832997657945,3.2774602223049327,Hudson.2013,NA
Oryx_leucoryx,Cetartiodactyla,Bovidae,Oryx_leucoryx,87400,9219,4.941511432634403,3.964683814976041,Hudson.2013,NA
Oryx_leucoryx,Cetartiodactyla,Bovidae,Oryx_leucoryx,90000,23331,4.954242509439325,4.367933353674787,Hudson.2013,NA
Oryx_leucoryx,Cetartiodactyla,Bovidae,Oryx_leucoryx,103400,18522,5.014520538757924,4.267687879865739,Hudson.2013,NA
Oryx_leucoryx,Cetartiodactyla,Bovidae,Oryx_leucoryx,67500,8295,4.829303772831025,3.9188163903603797,Hudson.2013,NA
Oryx_leucoryx,Cetartiodactyla,Bovidae,Oryx_leucoryx,59900,16044,4.7774268223893115,4.205312653309609,Hudson.2013,NA
Oryx_leucoryx,Cetartiodactyla,Bovidae,Oryx_leucoryx,73100,16527,4.86391737695786,4.218194027092983,Hudson.2013,NA
Vulpes_rueppellii,Carnivora,Canidae,Vulpes_rueppellii,1465,888.7,3.1658376246901283,2.94875518016827,Hudson.2013,NA
Vulpes_rueppellii,Carnivora,Canidae,Vulpes_rueppellii,1700,1126.6,3.230448921378274,3.051769746899332,Hudson.2013,NA
Vulpes_rueppellii,Carnivora,Canidae,Vulpes_rueppellii,1645,575.4,3.216165902285993,2.759969857554307,Hudson.2013,NA
Vulpes_rueppellii,Carnivora,Canidae,Vulpes_rueppellii,1638,704.4,3.2143138974244,2.847819347295239,Hudson.2013,NA
Vulpes_rueppellii,Carnivora,Canidae,Vulpes_rueppellii,2079,1352.9,3.317854489331469,3.131265696780032,Hudson.2013,NA
Vulpes_vulpes,Carnivora,Canidae,Vulpes_vulpes,4120,2396,3.6148972160331345,3.3794868137172736,Hudson.2013,NA
Microgale_dobsoni,Afrosoricida,Tenrecidae,Microgale_dobsoni,42.6,77.1,1.6294095991027189,1.887054378050957,Capellini.2010,NA
Microgale_talazaci,Afrosoricida,Tenrecidae,Microgale_talazaci,42.8,66.5,1.631443769013172,1.8228216453031045,Capellini.2010,NA
Antidorcas_marsupialis,Cetartiodactyla,Bovidae,Antidorcas_marsupialis,43300,24100,4.6364878963533656,4.382017042574868,Capellini.2010,NA
Vicugna_vicugna,Cetartiodactyla,Camelidae,Lama_pacos,48000,14050,4.681241237375588,4.1476763242410986,Capellini.2010,NA
Odocoileus_hemionus,Cetartiodactyla,Cervidae,Odocoileus_hemionus,39100,18000,4.592176757395867,4.2552725051033065,Capellini.2010,NA
Oryx_leucoryx,Cetartiodactyla,Bovidae,Oryx_leucoryx,85250,16578.5,4.930694387664535,4.219545233621206,Capellini.2010,NA
Rangifer_tarandus,Cetartiodactyla,Cervidae,Rangifer_tarandus,52800,15500,4.722633922533812,4.190331698170292,Capellini.2010,NA
Bassariscus_astutus,Carnivora,Procyonidae,Bassariscus_astutus,752,472,2.876217840591642,2.673941998634088,Capellini.2010,NA
Canis_lupus,Carnivora,Canidae,Canis_lupus,37300,17700,4.571708831808688,4.247973266361806,Capellini.2010,NA
Lycaon_pictus,Carnivora,Canidae,Lycaon_pictus,25170,15300,4.400883215548363,4.184691430817598,Capellini.2010,NA
Proteles_cristata,Carnivora,Hyaenidae,Proteles_cristatus,8540,1850,3.931457870689005,3.2671717284030137,Capellini.2010,NA
Suricata_suricatta,Carnivora,Herpestidae,Suricata_suricatta,697,468,2.8432327780980096,2.670245853074124,Capellini.2010,NA
Vulpes_rueppellii,Carnivora,Canidae,Vulpes_rueppelli,1750,1014.65,3.2430380486862944,3.0063162597052733,Capellini.2010,NA
Vulpes_velox,Carnivora,Canidae,Vulpes_velox,2100,1780,3.322219294733919,3.250420002308894,Capellini.2010,NA
Vulpes_vulpes,Carnivora,Canidae,Vulpes_vulpes,4926.6,2216.2,3.6925473025134297,3.3456089505405937,Capellini.2010,NA
Lepus_californicus,Lagomorpha,Leporidae,Lepus_californicus,1800,1300,3.255272505103306,3.113943352306837,Capellini.2010,NA
Talpa_europaea,Eulipotyphla,Talpidae,Talpa_europaea,87.7,173,1.9429995933660404,2.2380461031287955,Capellini.2010,NA
Acomys_cahirinus,Rodentia,Muridae,Acomys_cahirinus,38.3,51.8,1.5831987739686226,1.714329759745233,Capellini.2010,NA
Acomys_russatus,Rodentia,Muridae,Acomys_russatus,45,47.8,1.6532125137753437,1.6794278966121188,Capellini.2010,NA
Ammospermophilus_leucurus,Rodentia,Sciuridae,Ammospermophilus_leucurus,87,88,1.9395192526186185,1.9444826721501687,Capellini.2010,NA
Apodemus_sylvaticus,Rodentia,Muridae,Apodemus_sylvaticus,20.5,67.9,1.3117538610557542,1.8318697742805017,Capellini.2010,NA
Chaetodipus_formosus,Rodentia,Heteromyidae,Perognathus_formosus,17.9,45.2,1.252853030979893,1.6551384348113822,Capellini.2010,NA
Myodes_glareolus,Rodentia,Cricetidae,Clethrionomys_glareolus,23.4,88,1.3692158574101427,1.9444826721501687,Capellini.2010,NA
Myodes_rutilus,Rodentia,Cricetidae,Clethrionomys_rutilus,16,57.6,1.2041199826559248,1.760422483423212,Capellini.2010,NA
Dipodomys_merriami,Rodentia,Heteromyidae,Dipodomys_merriami,34.3,47.6,1.5352941200427705,1.677606952720493,Capellini.2010,NA
Dipodomys_microps,Rodentia,Heteromyidae,Dipodomys_microps,57.1,84.5,1.7566361082458481,1.9268567089496924,Capellini.2010,NA
Gerbillus_andersoni,Rodentia,Muridae,Gerbillus_allenbyi,22.8,35.6,1.3579348470004537,1.551449997972875,Capellini.2010,NA
Gerbillus_henleyi,Rodentia,Muridae,Gerbillus_henleyi,9.3,26.5,0.9684829485539351,1.423245873936808,Capellini.2010,NA
Gerbillus_pyramidum,Rodentia,Muridae,Gerbillus_pyramidum,31.8,45.2,1.5024271199844328,1.6551384348113822,Capellini.2010,NA
Marmota_flaviventris,Rodentia,Sciuridae,Marmota_flaviventris,3190,2430,3.503790683057181,3.385606273598312,Capellini.2010,NA
Mastomys_natalensis,Rodentia,Muridae,Praomys_natalensis,57.3,86.6,1.75815462196739,1.9375178920173466,Capellini.2010,NA
Meriones_crassus,Rodentia,Muridae,Meriones_crassus,69.2,65,1.8401060944567578,1.8129133566428555,Capellini.2010,NA
Microtus_agrestis,Rodentia,Cricetidae,Microtus_agrestris,26.8,77.8,1.4281347940287887,1.890979596989689,Capellini.2010,NA
Microtus_arvalis,Rodentia,Cricetidae,Microtus_arvalis,20,90,1.3010299956639813,1.954242509439325,Capellini.2010,NA
Mus_musculus,Rodentia,Muridae,Mus_musculus,19.3,65.1,1.2855573090077739,1.813580988568192,Capellini.2010,NA
Octodon_degus,Rodentia,Octodontidae,Octodon_degus,188.55,143.2,2.275426536741639,2.1559430179718366,Capellini.2010,NA
Peromyscus_crinitus,Rodentia,Cricetidae,Peromyscus_crinitus,13.4,39.3,1.1271047983648077,1.5943925503754266,Capellini.2010,NA
Peromyscus_leucopus,Rodentia,Cricetidae,Peromyscus_leucopus,19.2,41.4,1.2833012287035497,1.6170003411208989,Capellini.2010,NA
Peromyscus_maniculatus,Rodentia,Cricetidae,Peromyscus_maniculatus,17.9,53.4,1.252853030979893,1.7275412570285564,Capellini.2010,NA
Psammomys_obesus,Rodentia,Muridae,Psammomys_obesus,170,165,2.230448921378274,2.2174839442139063,Capellini.2010,NA
Pseudomys_albocinereus,Rodentia,Muridae,Pseudomys_albocinereus,32.6,62.2,1.513217600067939,1.7937903846908188,Capellini.2010,NA
Pseudomys_nanus,Rodentia,Muridae,Pseudomys_nanus,44.4,44.6,1.6473829701146199,1.649334858712142,Capellini.2010,NA
Rhabdomys_pumilio,Rodentia,Muridae,Rhabdomys_pumilio,41.7,64.55,1.6201360549737576,1.809896246602439,Capellini.2010,NA
Sciurus_vulgaris,Rodentia,Sciuridae,Sciurus_vulgaris,322,347,2.507855871695831,2.5403294747908736,Capellini.2010,NA
Sekeetamys_calurus,Rodentia,Muridae,Sekeetamys_calurus,41.2,44,1.6148972160331345,1.6434526764861874,Capellini.2010,NA
Urocitellus_parryii,Rodentia,Sciuridae,Spermophilus_parryi,630,817,2.7993405494535817,2.9122220565324155,Capellini.2010,NA
Callospermophilus_saturatus,Rodentia,Sciuridae,Spermophilus_saturatus,214,226,2.330413773349191,2.3541084391474008,Capellini.2010,NA
Tamiasciurus_hudsonicus,Rodentia,Sciuridae,Tamiasciurus_hudsonicus,322,347,2.507855871695831,2.5403294747908736,Capellini.2010,NA
Thomomys_bottae,Rodentia,Geomyidae,Thomomys_bottae,104,130,2.0170333392987803,2.113943352306837,Capellini.2010,NA
Zyzomys_argurus,Rodentia,Muridae,Zyzomys_argurus,46.8,15.6,1.670245853074124,1.1931245983544616,Capellini.2010,NA
Antechinus_stuartii,Dasyuromorphia,Dasyuridae,Antechinus_stuartii,25.3,70.4,1.403120521175818,1.8475726591421122,Capellini.2010,NA
Antechinus_swainsonii,Dasyuromorphia,Dasyuridae,Antechinus_swainsonii,47.5,134,1.6766936096248666,2.1271047983648077,Capellini.2010,NA
Dasyurus_viverrinus,Dasyuromorphia,Dasyuridae,Dasyurus_viverrinus,1029,793,3.012415374762433,2.8992731873176036,Capellini.2010,NA
Myrmecobius_fasciatus,Dasyuromorphia,Myrmecobiidae,Myrmecobius_fasciatus,488.2,268.9,2.6885977750811696,2.4295908022233017,Capellini.2010,NA
Parantechinus_apicalis,Dasyuromorphia,Dasyuridae,Paranthechinus_apicalis,51.5,94.25,1.711807229041191,1.9742813588778305,Capellini.2010,NA
Phascogale_calura,Dasyuromorphia,Dasyuridae,Phascogale_calura,33.5,61.9,1.5250448070368452,1.7916906490201179,Capellini.2010,NA
Sminthopsis_crassicaudata,Dasyuromorphia,Dasyuridae,Sminthopsis_crassicaudata,11.4,49,1.0569048513364727,1.6901960800285136,Capellini.2010,NA
Bettongia_lesueur,Diprotodontia,Potoroidae,Bettongia_lesueur,720,442,2.8573324964312685,2.645422269349092,Capellini.2010,NA
Bettongia_penicillata,Diprotodontia,Potoroidae,Bettongia_penicillata,1100,603,3.041392685158225,2.780317312140151,Capellini.2010,NA
Gymnobelideus_leadbeateri,Diprotodontia,Petauridae,Gymnobelideus_leadbeateri,125,225.5,2.0969100130080562,2.3531465462139796,Capellini.2010,NA
Hemibelideus_lemuroides,Diprotodontia,Pseudocheiridae,Hemibelideus_lemuroides,1026,675,3.0111473607757975,2.829303772831025,Capellini.2010,NA
Lagorchestes_conspicillatus,Diprotodontia,Macropodidae,Lagorchestes_conspicillatus,2529,680,3.4029488293444046,2.832508912706236,Capellini.2010,NA
Lagorchestes_hirsutus,Diprotodontia,Macropodidae,Lagorchestes_hirsutus,1402,596.5,3.14674801363064,2.775610448006361,Capellini.2010,NA
Lasiorhinus_krefftii,Diprotodontia,Vombatidae,Lasiorhinus_krefftii,23412.5,4915.1,4.369447790383294,3.691532358181662,Capellini.2010,NA
Lasiorhinus_latifrons,Diprotodontia,Vombatidae,Lasiorhinus_latifrons,28000,3802.4,4.447158031342219,3.580057801286702,Capellini.2010,NA
Macropus_eugenii,Diprotodontia,Macropodidae,Macropus_eugenii,4380,1150,3.6414741105040997,3.060697840353612,Capellini.2010,NA
Macropus_giganteus,Diprotodontia,Macropodidae,Macropus_giganteus,43900,8170,4.642464520242122,3.9122220565324155,Capellini.2010,NA
Macropus_robustus,Diprotodontia,Macropodidae,Macropus_robustus,12912,1572,4.110993517377995,3.196452541703389,Capellini.2010,NA
Petrogale_xanthopus,Diprotodontia,Macropodidae,Petrogale_xanthopus,8900,2210,3.949390006644913,3.3443922736851106,Capellini.2010,NA
Potorous_tridactylus,Diprotodontia,Potoroidae,Potorous_tridactylus,835,517,2.921686475483602,2.7134905430939424,Capellini.2010,NA
Pseudochirulus_herbertensis,Diprotodontia,Pseudocheiridae,Pseudocheirus_herbertensis,1103,446,3.0425755124401905,2.649334858712142,Capellini.2010,NA
Pseudocheirus_peregrinus,Diprotodontia,Pseudocheiridae,Pseudocheirus_peregrinus,853,599,2.930949031167523,2.7774268223893115,Capellini.2010,NA
Setonix_brachyurus,Diprotodontia,Macropodidae,Setonix_brachyurus,1900,548,3.278753600952829,2.738780558484369,Capellini.2010,NA
Trichosurus_vulpecula,Diprotodontia,Phalangeridae,Trichosurus_arnhemensis,1103,324,3.0425755124401905,2.510545010206612,Capellini.2010,NA
Isoodon_auratus,Peramelemorphia,Peramelidae,Isoodon_auratus,358,211,2.5538830266438746,2.3242824552976926,Capellini.2010,NA
Isoodon_obesulus,Peramelemorphia,Peramelidae,Isoodon_obesulus,1232,690,3.090610707828407,2.838849090737255,Capellini.2010,NA
Macrotis_lagotis,Peramelemorphia,Thylacomyidae,Macrotis_lagotis,888,594.6,2.948412965778601,2.774224904868919,Capellini.2010,NA
Mus_musculus,Rodentia,Muridae,Mus domesticus,15.1,47.1,1.1789769472931695,1.6730209071288962,Nagy.1999,NA
Sminthopsis_crassicaudata,Dasyuromorphia,Dasyuridae,Sminthopsis crassicaudata,16.6,68.6,1.2201080880400552,1.8363241157067516,Nagy.1999,NA
Eremitalpa_granti,Afrosoricida,Chrysochloridae,Eremitalpa namibensis,20.7,12.5,1.3159703454569178,1.0969100130080565,Nagy.1999,NA
Antechinus_stuartii,Dasyuromorphia,Dasyuridae,Antechinus stuartii,33,86.4,1.5185139398778875,1.9365137424788934,Nagy.1999,NA
Lemmus_trimucronatus,Rodentia,Cricetidae,Lemmus trimucronatus,55.2,201,1.741939077729199,2.303196057420489,Nagy.1999,NA
Antechinus_swainsonii,Dasyuromorphia,Dasyuridae,Antechinus swainsonii,62.6,150,1.7965743332104296,2.1760912590556813,Nagy.1999,NA
Isoodon_auratus,Peramelemorphia,Peramelidae,Isoodon auratus,333,285,2.5224442335063197,2.45484486000851,Nagy.1999,NA
Pseudocheirus_peregrinus,Diprotodontia,Pseudocheiridae,Pseudocheirus peregrinus,1000,615,3,2.788875115775417,Nagy.1999,NA
Vulpes_macrotis,Carnivora,Canidae,Vulpes macrotis,1480,1180,3.1702617153949575,3.0718820073061255,Nagy.1999,NA
Equus_ferus,Perissodactyla,Equidae,Equus_ferus,111583,36957,5.047598033592822,4.567696709941864,Brinkmann.2014,Scraped from figure excluding n=5 with forced diet
Equus_ferus,Perissodactyla,Equidae,Equus_ferus,125050,52160,5.097083696066521,4.7173375827238635,Brinkmann.2014,Scraped from figure excluding n=5 with forced diet
Equus_ferus,Perissodactyla,Equidae,Equus_ferus,130661,63353,5.116145977692918,4.801767185164165,Brinkmann.2014,Scraped from figure excluding n=5 with forced diet
Equus_ferus,Perissodactyla,Equidae,Equus_ferus,151423,74881,5.180191846197317,4.87437163556421,Brinkmann.2014,Scraped from figure excluding n=5 with forced diet
Equus_ferus,Perissodactyla,Equidae,Equus_ferus,165611,85990,5.219089179554198,4.93444794894897,Brinkmann.2014,Scraped from figure excluding n=5 with forced diet
Equus_ferus,Perissodactyla,Equidae,Equus_ferus,176192,69368,5.245986185377218,4.841159173215329,Brinkmann.2014,Scraped from figure excluding n=5 with forced diet
Equus_ferus,Perissodactyla,Equidae,Equus_ferus,145731,18413,5.163551945022525,4.265124553159181,Brinkmann.2014,Scraped from figure excluding n=5 with forced diet
Equus_ferus,Perissodactyla,Equidae,Equus_ferus,173707,28687,5.239817319887045,4.457685133412637,Brinkmann.2014,Scraped from figure excluding n=5 with forced diet
Equus_ferus,Perissodactyla,Equidae,Equus_ferus,195271,35871,5.290637750327556,4.554743483964182,Brinkmann.2014,Scraped from figure excluding n=5 with forced diet
Equus_ferus,Perissodactyla,Equidae,Equus_ferus,196313,25095,5.292949059871657,4.399587200018075,Brinkmann.2014,Scraped from figure excluding n=5 with forced diet
Equus_ferus,Perissodactyla,Equidae,Equus_ferus,113667,16158,5.055634397861824,4.208387603795154,Brinkmann.2014,Scraped from figure excluding n=5 with forced diet
Ailuropoda_melanoleuca,Carnivora,Ursidae,Ailuropoda_melanoleuca,71000,4515,4.8512583487190755,3.6546577546495245,Nie.2015,Wild animals
Ailuropoda_melanoleuca,Carnivora,Ursidae,Ailuropoda_melanoleuca,80000,5538,4.903089986991944,3.743352951409556,Nie.2015,Wild animals
Ailuropoda_melanoleuca,Carnivora,Ursidae,Ailuropoda_melanoleuca,127000,8685,5.103803720955957,3.9387698227831174,Nie.2015,Wild animals
Choloepus_hoffmanni,Pilosa,Megalonychidae,Choloepus_hoffmanni,5930,772,3.7730546933642626,2.887617300335736,Pauli.2016,NA
Choloepus_hoffmanni,Pilosa,Megalonychidae,Choloepus_hoffmanni,4500,589,3.6532125137753435,2.7701152947871015,Pauli.2016,NA
Choloepus_hoffmanni,Pilosa,Megalonychidae,Choloepus_hoffmanni,6400,1125,3.806179973983887,3.0511525224473814,Pauli.2016,NA
Choloepus_hoffmanni,Pilosa,Megalonychidae,Choloepus_hoffmanni,6600,848,3.8195439355418688,2.9283958522567137,Pauli.2016,NA
Choloepus_hoffmanni,Pilosa,Megalonychidae,Choloepus_hoffmanni,6450,996,3.8095597146352675,2.998259338423699,Pauli.2016,NA
Choloepus_hoffmanni,Pilosa,Megalonychidae,Choloepus_hoffmanni,5570,1138,3.745855195173729,3.056142262059052,Pauli.2016,NA
Bradypus_variegatus,Pilosa,Bradypodidae,Bradypus_variegatus,3720,372,3.5705429398818973,2.5705429398818973,Pauli.2016,NA
Bradypus_variegatus,Pilosa,Bradypodidae,Bradypus_variegatus,4090,214,3.611723308007342,2.330413773349191,Pauli.2016,NA
Bradypus_variegatus,Pilosa,Bradypodidae,Bradypus_variegatus,3230,515,3.509202522331103,2.711807229041191,Pauli.2016,NA
Bos_primigenius,Cetartiodactyla,Bovidae,Bos_primigenius,687000,61523.28767,5.83695673705955,4.789039535161205,Brosh.2002,Energy balance data of six cows during a 1-year reproductive cycle devided by 365 days
Bos_primigenius,Cetartiodactyla,Bovidae,Bos_primigenius,557000,49153.42466,5.745855195173729,4.691553781763813,Brosh.2002,Energy balance data of six cows during a 1-year reproductive cycle devided by 365 days
Bos_primigenius,Cetartiodactyla,Bovidae,Bos_primigenius,265358.2642,39267.09472,5.423832617650605,4.594028770031608,Aharoni.2009,Mean of several individuals here of a Baladi breed for spring and summer
Macropus_rufus,Diprotodontia,Macropodidae,Macropus_rufus,26200,4788,4.418301291319746,3.680154141734373,Munn.2013,Mean of 6 wild kangaroos.
